{
  "name": "CrossfaderTest",
  "nodes": [
    {
      "id": "a7df6142-5c1e-4974-b40e-4e1ee10acfe6.OscillatorFlowNode",
      "type": "OscillatorFlowNode",
      "position": {
        "x": 136.82763073410837,
        "y": -500.06452899739423
      },
      "data": {
        "label": "Oscillator",
        "frequency": 95.847,
        "detune": 0,
        "type": "sine",
        "frequencyType": "hz",
        "style": {
          "padding": "10px",
          "border": "1px solid #2a3139",
          "borderRadius": "5px",
          "textAlign": "center",
          "background": "#1f1f1f",
          "color": "#eee",
          "boxShadow": "0 1px 3px rgba(0,0,0,0.45), 0 0 8px 2px rgba(0,255,136,0.08)",
          "glowColor": "#00ff88"
        },
        "id": "a7df6142-5c1e-4974-b40e-4e1ee10acfe6.OscillatorFlowNode",
        "knobValue": 22.6849509465281,
        "freqMidiMapping": null,
        "detuneMidiMapping": null
      },
      "measured": {
        "width": 297,
        "height": 190
      },
      "dragging": false,
      "selected": false
    },
    {
      "id": "994a7bed-75a9-4e8b-b847-d6a94d302b35.OscillatorFlowNode",
      "type": "OscillatorFlowNode",
      "position": {
        "x": 159.43547915711798,
        "y": -276.8131219109352
      },
      "data": {
        "label": "Oscillator",
        "frequency": 59.953,
        "detune": 0,
        "type": "square",
        "frequencyType": "hz",
        "style": {
          "padding": "10px",
          "border": "1px solid #2a3139",
          "borderRadius": "5px",
          "textAlign": "center",
          "background": "#1f1f1f",
          "color": "#eee",
          "boxShadow": "0 1px 3px rgba(0,0,0,0.45), 0 0 8px 2px rgba(0,255,136,0.08)",
          "glowColor": "#00ff88"
        },
        "id": "994a7bed-75a9-4e8b-b847-d6a94d302b35.OscillatorFlowNode",
        "knobValue": 15.892697468730708,
        "freqMidiMapping": null,
        "detuneMidiMapping": null
      },
      "measured": {
        "width": 297,
        "height": 190
      },
      "dragging": false,
      "selected": false
    },
    {
      "id": "cbfeed70-e29b-4763-8741-ef023b4fb660.AudioContextFlowNode",
      "type": "AudioContextFlowNode",
      "position": {
        "x": 1348.0162577486885,
        "y": -391.27620736384364
      },
      "data": {
        "label": "",
        "style": {
          "padding": "10px",
          "border": "1px solid #2a3139",
          "borderRadius": "5px",
          "textAlign": "center",
          "background": "#1f1f1f",
          "color": "#eee",
          "boxShadow": "0 1px 3px rgba(0,0,0,0.45), 0 0 8px 2px rgba(0,255,136,0.08)",
          "glowColor": "#00ff88"
        },
        "id": "cbfeed70-e29b-4763-8741-ef023b4fb660.AudioContextFlowNode"
      },
      "measured": {
        "width": 100,
        "height": 70
      },
      "dragging": false,
      "selected": false
    },
    {
      "id": "eabc042a-b7a3-441c-b1d9-f81a6d4868ed.GainFlowNode",
      "type": "GainFlowNode",
      "position": {
        "x": 1003.8741534656284,
        "y": -505.63910564107005
      },
      "data": {
        "label": "",
        "gain": 0.0053179470004758676,
        "style": {
          "padding": "10px",
          "border": "1px solid #2a3139",
          "borderRadius": "5px",
          "textAlign": "center",
          "background": "#1f1f1f",
          "color": "#eee",
          "boxShadow": "0 1px 3px rgba(0,0,0,0.45), 0 0 8px 2px rgba(0,255,136,0.08)",
          "width": "80px",
          "fontSize": 14,
          "glowColor": "#00ff88"
        },
        "id": "eabc042a-b7a3-441c-b1d9-f81a6d4868ed.GainFlowNode",
        "gainMidiMapping": null
      },
      "measured": {
        "width": 102,
        "height": 144
      },
      "dragging": false,
      "selected": false
    },
    {
      "id": "c9c13c4a-9105-434d-9dbd-e12b2cc29d07.GainFlowNode",
      "type": "GainFlowNode",
      "position": {
        "x": 1025.1374279035049,
        "y": -274.5408860925705
      },
      "data": {
        "label": "",
        "gain": 1,
        "style": {
          "padding": "10px",
          "border": "1px solid #2a3139",
          "borderRadius": "5px",
          "textAlign": "center",
          "background": "#1f1f1f",
          "color": "#eee",
          "boxShadow": "0 1px 3px rgba(0,0,0,0.45), 0 0 8px 2px rgba(0,255,136,0.08)",
          "width": "80px",
          "fontSize": 14,
          "glowColor": "#00ff88"
        },
        "id": "c9c13c4a-9105-434d-9dbd-e12b2cc29d07.GainFlowNode",
        "gainMidiMapping": null
      },
      "measured": {
        "width": 102,
        "height": 144
      },
      "dragging": false,
      "selected": false
    },
    {
      "id": "4359d6f6-88a3-4049-9cab-587d5285f7b9.FunctionFlowNode",
      "type": "FunctionFlowNode",
      "position": {
        "x": 533.5291791231883,
        "y": -389.24501458069966
      },
      "data": {
        "functionCode": "function process(main) {\n  // Modify the value here  var val1 = 1-value;\nvar val1 = 1-main;   \n  var val2 = 0+main;\n  return [val1,val2];\n}",
        "value": "",
        "id": "4359d6f6-88a3-4049-9cab-587d5285f7b9.FunctionFlowNode",
        "style": {
          "padding": "10px",
          "border": "1px solid #2a3139",
          "borderRadius": "5px",
          "textAlign": "center",
          "background": "#1f1f1f",
          "color": "#eee",
          "boxShadow": "0 1px 3px rgba(0,0,0,0.45), 0 0 8px 2px rgba(0,255,136,0.08)",
          "glowColor": "#00ff88"
        },
        "numInputs": 1,
        "inputDefaults": [
          ""
        ],
        "numOutputs": 2
      },
      "measured": {
        "width": 362,
        "height": 283
      },
      "dragging": false,
      "selected": false
    },
    {
      "id": "22866264-14d2-4044-8c06-4bcaaa3e2af8.MidiKnobFlowNode",
      "type": "MidiKnobFlowNode",
      "position": {
        "x": 419.706460579292,
        "y": -661.1267999680417
      },
      "data": {
        "label": "",
        "id": "22866264-14d2-4044-8c06-4bcaaa3e2af8.MidiKnobFlowNode",
        "style": {
          "padding": "10px",
          "border": "1px solid #2a3139",
          "borderRadius": "5px",
          "textAlign": "center",
          "background": "#1f1f1f",
          "color": "#eee",
          "boxShadow": "0 1px 3px rgba(0,0,0,0.45), 0 0 8px 2px rgba(0,255,136,0.08)",
          "glowColor": "#00ff88"
        },
        "min": 0,
        "max": 1,
        "curve": "linear",
        "value": 0,
        "midiMapping": null,
        "controlsOpen": false
      },
      "measured": {
        "width": 80,
        "height": 111
      },
      "dragging": false,
      "selected": false
    }
  ],
  "edges": [
    {
      "style": {
        "strokeWidth": 1.5,
        "strokeLinecap": "round"
      },
      "source": "a7df6142-5c1e-4974-b40e-4e1ee10acfe6.OscillatorFlowNode",
      "sourceHandle": "output",
      "target": "eabc042a-b7a3-441c-b1d9-f81a6d4868ed.GainFlowNode",
      "targetHandle": "main-input",
      "id": "xy-edge__a7df6142-5c1e-4974-b40e-4e1ee10acfe6.OscillatorFlowNodeoutput-eabc042a-b7a3-441c-b1d9-f81a6d4868ed.GainFlowNodemain-input"
    },
    {
      "style": {
        "strokeWidth": 1.5,
        "strokeLinecap": "round"
      },
      "source": "994a7bed-75a9-4e8b-b847-d6a94d302b35.OscillatorFlowNode",
      "sourceHandle": "output",
      "target": "c9c13c4a-9105-434d-9dbd-e12b2cc29d07.GainFlowNode",
      "targetHandle": "main-input",
      "id": "xy-edge__994a7bed-75a9-4e8b-b847-d6a94d302b35.OscillatorFlowNodeoutput-c9c13c4a-9105-434d-9dbd-e12b2cc29d07.GainFlowNodemain-input"
    },
    {
      "style": {
        "strokeWidth": 1.5,
        "strokeLinecap": "round"
      },
      "source": "c9c13c4a-9105-434d-9dbd-e12b2cc29d07.GainFlowNode",
      "sourceHandle": "output",
      "target": "cbfeed70-e29b-4763-8741-ef023b4fb660.AudioContextFlowNode",
      "targetHandle": "destination-input",
      "id": "xy-edge__c9c13c4a-9105-434d-9dbd-e12b2cc29d07.GainFlowNodeoutput-cbfeed70-e29b-4763-8741-ef023b4fb660.AudioContextFlowNodedestination-input"
    },
    {
      "style": {
        "strokeWidth": 1.5,
        "strokeLinecap": "round"
      },
      "source": "eabc042a-b7a3-441c-b1d9-f81a6d4868ed.GainFlowNode",
      "sourceHandle": "output",
      "target": "cbfeed70-e29b-4763-8741-ef023b4fb660.AudioContextFlowNode",
      "targetHandle": "destination-input",
      "id": "xy-edge__eabc042a-b7a3-441c-b1d9-f81a6d4868ed.GainFlowNodeoutput-cbfeed70-e29b-4763-8741-ef023b4fb660.AudioContextFlowNodedestination-input"
    },
    {
      "style": {
        "strokeWidth": 1.5,
        "strokeLinecap": "round"
      },
      "source": "4359d6f6-88a3-4049-9cab-587d5285f7b9.FunctionFlowNode",
      "sourceHandle": "output-0",
      "target": "eabc042a-b7a3-441c-b1d9-f81a6d4868ed.GainFlowNode",
      "targetHandle": "gain",
      "id": "xy-edge__4359d6f6-88a3-4049-9cab-587d5285f7b9.FunctionFlowNodeoutput-0-eabc042a-b7a3-441c-b1d9-f81a6d4868ed.GainFlowNodegain"
    },
    {
      "style": {
        "strokeWidth": 1.5,
        "strokeLinecap": "round"
      },
      "source": "4359d6f6-88a3-4049-9cab-587d5285f7b9.FunctionFlowNode",
      "sourceHandle": "output-1",
      "target": "c9c13c4a-9105-434d-9dbd-e12b2cc29d07.GainFlowNode",
      "targetHandle": "gain",
      "id": "xy-edge__4359d6f6-88a3-4049-9cab-587d5285f7b9.FunctionFlowNodeoutput-1-c9c13c4a-9105-434d-9dbd-e12b2cc29d07.GainFlowNodegain"
    },
    {
      "style": {
        "strokeWidth": 1.5,
        "strokeLinecap": "round"
      },
      "source": "22866264-14d2-4044-8c06-4bcaaa3e2af8.MidiKnobFlowNode",
      "sourceHandle": "output",
      "target": "4359d6f6-88a3-4049-9cab-587d5285f7b9.FunctionFlowNode",
      "targetHandle": "main-input",
      "id": "xy-edge__22866264-14d2-4044-8c06-4bcaaa3e2af8.MidiKnobFlowNodeoutput-4359d6f6-88a3-4049-9cab-587d5285f7b9.FunctionFlowNodemain-input"
    }
  ],
  "folder_path": "",
  "updated_at": "2025-11-15T11:59:19.448Z"
}