{
  "name": "Das",
  "nodes": [
    {
      "id": "ab1d284b-ddbe-4fab-b2d7-35d948338a44.AudioContextFlowNode",
      "type": "AudioContextFlowNode",
      "position": {
        "x": 301.6684089082381,
        "y": 32.636326697059836
      },
      "data": {
        "label": "AudioContextFlowNode Node",
        "style": {
          "padding": "10px",
          "border": "1px solid #ddd",
          "borderRadius": "5px",
          "width": "200px",
          "textAlign": "center",
          "background": "#1f1f1f",
          "color": "#eee",
          "glowColor": "#00ff88",
          "boxShadow": "0 1px 3px rgba(0,0,0,0.45), 0 0 8px 2px rgba(0,255,136,0.12)"
        },
        "id": "ab1d284b-ddbe-4fab-b2d7-35d948338a44.AudioContextFlowNode"
      },
      "measured": {
        "width": 222,
        "height": 69
      },
      "selected": false,
      "dragging": false
    },
    {
      "id": "4c77b83b-f858-4732-9076-c0801de544ac.OscillatorFlowNode",
      "type": "OscillatorFlowNode",
      "position": {
        "x": -222.24896507744162,
        "y": -15.846749430867778
      },
      "data": {
        "label": "Oscillator",
        "frequency": 440,
        "detune": 0,
        "type": "sine",
        "frequencyType": "hz",
        "style": {
          "padding": "10px",
          "border": "1px solid #ddd",
          "borderRadius": "5px",
          "width": "200px",
          "textAlign": "center",
          "background": "#1f1f1f",
          "color": "#eee",
          "glowColor": "#00ff88",
          "boxShadow": "0 1px 3px rgba(0,0,0,0.45), 0 0 8px 2px rgba(0,255,136,0.12)"
        },
        "id": "4c77b83b-f858-4732-9076-c0801de544ac.OscillatorFlowNode",
        "knobValue": 44.74742269407354,
        "freqMidiMapping": null,
        "detuneMidiMapping": null
      },
      "measured": {
        "width": 222,
        "height": 188
      },
      "selected": false,
      "dragging": false
    },
    {
      "id": "ed4de483-f187-408a-ba13-88d157110830.ButtonFlowNode",
      "type": "ButtonFlowNode",
      "position": {
        "x": -639.5023109274405,
        "y": -26.726867755648772
      },
      "data": {
        "label": "ButtonFlowNode Node",
        "assignedKey": "A",
        "retriggerFrequency": 1,
        "isRetriggering": false,
        "isPressed": false,
        "retriggerLength": 0.1,
        "id": "ed4de483-f187-408a-ba13-88d157110830.ButtonFlowNode",
        "style": {
          "padding": "10px",
          "border": "1px solid #ddd",
          "borderRadius": "5px",
          "width": "140px",
          "textAlign": "center",
          "background": "#1f1f1f",
          "color": "#eee",
          "glowColor": "#00ff88",
          "boxShadow": "0 1px 3px rgba(0,0,0,0.45), 0 0 8px 2px rgba(0,255,136,0.12)"
        }
      },
      "measured": {
        "width": 162,
        "height": 108
      },
      "selected": false,
      "dragging": false
    },
    {
      "id": "b146ee9c-3a3b-404c-8d83-ea3471461a9b.ButtonFlowNode",
      "type": "ButtonFlowNode",
      "position": {
        "x": -639.0421810153199,
        "y": 101.93535715160016
      },
      "data": {
        "label": "ButtonFlowNode Node",
        "assignedKey": "S",
        "retriggerFrequency": 1,
        "isRetriggering": false,
        "isPressed": false,
        "retriggerLength": 0.1,
        "id": "b146ee9c-3a3b-404c-8d83-ea3471461a9b.ButtonFlowNode",
        "style": {
          "padding": "10px",
          "border": "1px solid #ddd",
          "borderRadius": "5px",
          "width": "140px",
          "textAlign": "center",
          "background": "#1f1f1f",
          "color": "#eee",
          "glowColor": "#00ff88",
          "boxShadow": "0 1px 3px rgba(0,0,0,0.45), 0 0 8px 2px rgba(0,255,136,0.12)"
        }
      },
      "measured": {
        "width": 162,
        "height": 108
      },
      "selected": false,
      "dragging": false
    },
    {
      "id": "fc250804-b8c7-4140-ba1d-79a330433e26.ConstantFlowNode",
      "type": "ConstantFlowNode",
      "position": {
        "x": -437.8298961893584,
        "y": -7.902910956729812
      },
      "data": {
        "label": "ConstantFlowNode Node",
        "value": "200",
        "style": {
          "padding": "10px",
          "border": "1px solid #ddd",
          "borderRadius": "5px",
          "width": "200px",
          "textAlign": "center",
          "background": "#1f1f1f",
          "color": "#eee",
          "glowColor": "#00ff88",
          "boxShadow": "0 1px 3px rgba(0,0,0,0.45), 0 0 8px 2px rgba(0,255,136,0.12)"
        },
        "id": "fc250804-b8c7-4140-ba1d-79a330433e26.ConstantFlowNode"
      },
      "measured": {
        "width": 172,
        "height": 63
      },
      "selected": false,
      "dragging": false
    },
    {
      "id": "556327eb-e09f-407f-924d-7dc2a797e25a.ConstantFlowNode",
      "type": "ConstantFlowNode",
      "position": {
        "x": -440.17162773038604,
        "y": 87.10974158533263
      },
      "data": {
        "label": "ConstantFlowNode Node",
        "value": "300",
        "style": {
          "padding": "10px",
          "border": "1px solid #ddd",
          "borderRadius": "5px",
          "width": "200px",
          "textAlign": "center",
          "background": "#1f1f1f",
          "color": "#eee",
          "glowColor": "#00ff88",
          "boxShadow": "0 1px 3px rgba(0,0,0,0.45), 0 0 8px 2px rgba(0,255,136,0.12)"
        },
        "id": "556327eb-e09f-407f-924d-7dc2a797e25a.ConstantFlowNode"
      },
      "measured": {
        "width": 172,
        "height": 63
      },
      "selected": false,
      "dragging": false
    },
    {
      "id": "526e7aed-982c-49b6-a475-4aa8a94cb95e.GainFlowNode",
      "type": "GainFlowNode",
      "position": {
        "x": 43.645150609502195,
        "y": 25.158547182540353
      },
      "data": {
        "label": "GainFlowNode Node",
        "gain": 0,
        "style": {
          "padding": "10px",
          "border": "1px solid #ddd",
          "borderRadius": "5px",
          "width": "200px",
          "textAlign": "center",
          "background": "#1f1f1f",
          "color": "#eee",
          "glowColor": "#00ff88",
          "boxShadow": "0 1px 3px rgba(0,0,0,0.45), 0 0 8px 2px rgba(0,255,136,0.12)"
        },
        "id": "526e7aed-982c-49b6-a475-4aa8a94cb95e.GainFlowNode",
        "gainMidiMapping": null
      },
      "measured": {
        "width": 222,
        "height": 114
      },
      "selected": false,
      "dragging": false
    },
    {
      "id": "dd5e2370-4978-4661-825a-9d51ee8f4c04.ADSRFlowNode",
      "type": "ADSRFlowNode",
      "position": {
        "x": -25.267751957076783,
        "y": 209.62723466126639
      },
      "data": {
        "label": "ADSRFlowNode Node",
        "attackTime": 0.1,
        "decayTime": 0.2,
        "sustainLevel": 0.5,
        "releaseTime": 0.3,
        "maxTime": 10,
        "style": {
          "padding": "10px",
          "border": "1px solid #ddd",
          "borderRadius": "5px",
          "width": "200px",
          "textAlign": "center",
          "background": "#1f1f1f",
          "color": "#eee",
          "glowColor": "#00ff88",
          "boxShadow": "0 1px 3px rgba(0,0,0,0.45), 0 0 8px 2px rgba(0,255,136,0.12)"
        },
        "id": "dd5e2370-4978-4661-825a-9d51ee8f4c04.ADSRFlowNode",
        "sustainTime": 0.5,
        "minPercent": 0,
        "maxPercent": 100
      },
      "measured": {
        "width": 222,
        "height": 208
      },
      "selected": false,
      "dragging": false
    }
  ],
  "edges": [
    {
      "source": "ed4de483-f187-408a-ba13-88d157110830.ButtonFlowNode",
      "sourceHandle": "output",
      "target": "fc250804-b8c7-4140-ba1d-79a330433e26.ConstantFlowNode",
      "targetHandle": "main-input",
      "id": "xy-edge__ed4de483-f187-408a-ba13-88d157110830.ButtonFlowNodeoutput-fc250804-b8c7-4140-ba1d-79a330433e26.ConstantFlowNodemain-input"
    },
    {
      "source": "b146ee9c-3a3b-404c-8d83-ea3471461a9b.ButtonFlowNode",
      "sourceHandle": "output",
      "target": "556327eb-e09f-407f-924d-7dc2a797e25a.ConstantFlowNode",
      "targetHandle": "main-input",
      "id": "xy-edge__b146ee9c-3a3b-404c-8d83-ea3471461a9b.ButtonFlowNodeoutput-556327eb-e09f-407f-924d-7dc2a797e25a.ConstantFlowNodemain-input"
    },
    {
      "source": "fc250804-b8c7-4140-ba1d-79a330433e26.ConstantFlowNode",
      "sourceHandle": "output",
      "target": "4c77b83b-f858-4732-9076-c0801de544ac.OscillatorFlowNode",
      "targetHandle": "frequency",
      "id": "xy-edge__fc250804-b8c7-4140-ba1d-79a330433e26.ConstantFlowNodeoutput-4c77b83b-f858-4732-9076-c0801de544ac.OscillatorFlowNodefrequency"
    },
    {
      "source": "556327eb-e09f-407f-924d-7dc2a797e25a.ConstantFlowNode",
      "sourceHandle": "output",
      "target": "4c77b83b-f858-4732-9076-c0801de544ac.OscillatorFlowNode",
      "targetHandle": "frequency",
      "id": "xy-edge__556327eb-e09f-407f-924d-7dc2a797e25a.ConstantFlowNodeoutput-4c77b83b-f858-4732-9076-c0801de544ac.OscillatorFlowNodefrequency"
    },
    {
      "source": "4c77b83b-f858-4732-9076-c0801de544ac.OscillatorFlowNode",
      "sourceHandle": "output",
      "target": "526e7aed-982c-49b6-a475-4aa8a94cb95e.GainFlowNode",
      "targetHandle": "main-input",
      "id": "xy-edge__4c77b83b-f858-4732-9076-c0801de544ac.OscillatorFlowNodeoutput-526e7aed-982c-49b6-a475-4aa8a94cb95e.GainFlowNodemain-input"
    },
    {
      "source": "526e7aed-982c-49b6-a475-4aa8a94cb95e.GainFlowNode",
      "sourceHandle": "output",
      "target": "ab1d284b-ddbe-4fab-b2d7-35d948338a44.AudioContextFlowNode",
      "targetHandle": "destination-input",
      "id": "xy-edge__526e7aed-982c-49b6-a475-4aa8a94cb95e.GainFlowNodeoutput-ab1d284b-ddbe-4fab-b2d7-35d948338a44.AudioContextFlowNodedestination-input"
    },
    {
      "source": "b146ee9c-3a3b-404c-8d83-ea3471461a9b.ButtonFlowNode",
      "sourceHandle": "output",
      "target": "dd5e2370-4978-4661-825a-9d51ee8f4c04.ADSRFlowNode",
      "targetHandle": "main-input",
      "id": "xy-edge__b146ee9c-3a3b-404c-8d83-ea3471461a9b.ButtonFlowNodeoutput-dd5e2370-4978-4661-825a-9d51ee8f4c04.ADSRFlowNodemain-input"
    },
    {
      "source": "ed4de483-f187-408a-ba13-88d157110830.ButtonFlowNode",
      "sourceHandle": "output",
      "target": "dd5e2370-4978-4661-825a-9d51ee8f4c04.ADSRFlowNode",
      "targetHandle": "main-input",
      "id": "xy-edge__ed4de483-f187-408a-ba13-88d157110830.ButtonFlowNodeoutput-dd5e2370-4978-4661-825a-9d51ee8f4c04.ADSRFlowNodemain-input"
    },
    {
      "source": "dd5e2370-4978-4661-825a-9d51ee8f4c04.ADSRFlowNode",
      "sourceHandle": "output",
      "target": "526e7aed-982c-49b6-a475-4aa8a94cb95e.GainFlowNode",
      "targetHandle": "gain",
      "id": "xy-edge__dd5e2370-4978-4661-825a-9d51ee8f4c04.ADSRFlowNodeoutput-526e7aed-982c-49b6-a475-4aa8a94cb95e.GainFlowNodegain"
    }
  ],
  "folder_path": "",
  "updated_at": "2025-09-28 08:35:03"
}