{
  "name": "Delay",
  "nodes": [
    {
      "id": "916d6f22-3fa5-4ec8-bd9a-d637bff01286.AudioContextFlowNode",
      "type": "AudioContextFlowNode",
      "position": {
        "x": 1886.07771211369,
        "y": -72.71873588287623
      },
      "data": {
        "label": "AudioContextFlowNode Node",
        "style": {
          "padding": "10px",
          "border": "1px solid #ddd",
          "borderRadius": "5px",
          "width": "200px",
          "textAlign": "center",
          "background": "#1f1f1f",
          "color": "#eee",
          "glowColor": "#00ff88",
          "boxShadow": "0 1px 3px rgba(0,0,0,0.45), 0 0 8px 2px rgba(0,255,136,0.12)"
        },
        "id": "916d6f22-3fa5-4ec8-bd9a-d637bff01286.AudioContextFlowNode"
      },
      "measured": {
        "width": 222,
        "height": 69
      },
      "selected": false,
      "dragging": false
    },
    {
      "id": "84f81be4-5090-48f4-a358-84f4f0f5ee1c.ADSRFlowNode",
      "type": "ADSRFlowNode",
      "position": {
        "x": 334.8198576889024,
        "y": -292.92089894552265
      },
      "data": {
        "label": "ADSRFlowNode Node",
        "attackTime": 0.12,
        "decayTime": 0.2,
        "sustainLevel": 0.5,
        "releaseTime": 0.09,
        "maxTime": 1,
        "style": {
          "padding": "10px",
          "border": "1px solid #ddd",
          "borderRadius": "5px",
          "width": "200px",
          "textAlign": "center",
          "background": "#1f1f1f",
          "color": "#eee",
          "glowColor": "#00ff88",
          "boxShadow": "0 1px 3px rgba(0,0,0,0.45), 0 0 8px 2px rgba(0,255,136,0.12)"
        },
        "id": "84f81be4-5090-48f4-a358-84f4f0f5ee1c.ADSRFlowNode",
        "sustainTime": 0.5,
        "minPercent": 0,
        "maxPercent": 100,
        "lengthSec": 0.71
      },
      "measured": {
        "width": 222,
        "height": 239
      },
      "selected": false,
      "dragging": false
    },
    {
      "id": "7ec26e18-55cd-45ca-951d-f4e4888a3ff6.GainFlowNode",
      "type": "GainFlowNode",
      "position": {
        "x": 639.7081336105497,
        "y": -64.62950390174304
      },
      "data": {
        "label": "GainFlowNode Node",
        "gain": 1,
        "style": {
          "padding": "10px",
          "border": "1px solid #ddd",
          "borderRadius": "5px",
          "width": "200px",
          "textAlign": "center",
          "background": "#1f1f1f",
          "color": "#eee",
          "glowColor": "#00ff88",
          "boxShadow": "0 1px 3px rgba(0,0,0,0.45), 0 0 8px 2px rgba(0,255,136,0.12)"
        },
        "id": "7ec26e18-55cd-45ca-951d-f4e4888a3ff6.GainFlowNode",
        "gainMidiMapping": null
      },
      "measured": {
        "width": 222,
        "height": 96
      },
      "selected": false,
      "dragging": false
    },
    {
      "id": "f32887a8-fd7a-404b-8da8-dd355085eda4.OscillatorFlowNode",
      "type": "OscillatorFlowNode",
      "position": {
        "x": 328.2616185977409,
        "y": -111.25934821371393
      },
      "data": {
        "label": "Oscillator",
        "frequency": 261.6255653005986,
        "detune": 0,
        "type": "square",
        "frequencyType": "hz",
        "style": {
          "padding": "10px",
          "border": "1px solid #ddd",
          "borderRadius": "5px",
          "width": "200px",
          "textAlign": "center",
          "background": "#1f1f1f",
          "color": "#eee",
          "glowColor": "#00ff88",
          "boxShadow": "0 1px 3px rgba(0,0,0,0.45), 0 0 8px 2px rgba(0,255,136,0.12)"
        },
        "id": "f32887a8-fd7a-404b-8da8-dd355085eda4.OscillatorFlowNode",
        "knobValue": 37.22167280247401,
        "freqMidiMapping": null,
        "detuneMidiMapping": null
      },
      "measured": {
        "width": 222,
        "height": 188
      },
      "selected": false,
      "dragging": false
    },
    {
      "id": "42d5179c-e17e-4227-a347-ae295f75fb60.CustomNode",
      "type": "CustomNode",
      "position": {
        "x": 5.343722594448366,
        "y": -131.32854779439657
      },
      "data": {
        "label": "Custom Node",
        "style": {
          "padding": "10px",
          "border": "1px solid #ddd",
          "borderRadius": "5px",
          "width": "200px",
          "textAlign": "center",
          "background": "#1f1f1f",
          "color": "#eee",
          "glowColor": "#00ff88",
          "boxShadow": "0 1px 3px rgba(0,0,0,0.45), 0 0 8px 2px rgba(0,255,136,0.12)"
        },
        "db": {
          "db": {},
          "dbName": "FlowSynthDB",
          "storeName": "nodes",
          "uuid": "d485b2e2-be74-405d-af06-35c1dbf7d07d"
        },
        "id": "42d5179c-e17e-4227-a347-ae295f75fb60.CustomNode",
        "selectedNode": "keyboard",
        "outputArr": [
          0
        ],
        "inputArr": []
      },
      "measured": {
        "width": 306,
        "height": 130
      },
      "selected": false,
      "dragging": false
    },
    {
      "id": "1e5953c4-eecb-47be-9140-2498d025d976.DelayFlowNode",
      "type": "DelayFlowNode",
      "position": {
        "x": 1200.509679422093,
        "y": -138.43513249068957
      },
      "data": {
        "label": "DelayFlowNode Node",
        "delayTime": 0.07389211746521766,
        "style": {
          "padding": "10px",
          "border": "1px solid #ddd",
          "borderRadius": "5px",
          "width": "200px",
          "textAlign": "center",
          "background": "#1f1f1f",
          "color": "#eee",
          "glowColor": "#00ff88",
          "boxShadow": "0 1px 3px rgba(0,0,0,0.45), 0 0 8px 2px rgba(0,255,136,0.12)"
        },
        "id": "1e5953c4-eecb-47be-9140-2498d025d976.DelayFlowNode",
        "knobValue": 0.07389211746521766,
        "delayMidiMapping": null
      },
      "measured": {
        "width": 222,
        "height": 96
      },
      "selected": false,
      "dragging": false
    },
    {
      "id": "a05b72f5-d879-4baa-b52f-41e8838a520d.GainFlowNode",
      "type": "GainFlowNode",
      "position": {
        "x": 882.3574565558296,
        "y": -241.5209255151714
      },
      "data": {
        "label": "GainFlowNode Node",
        "gain": 0.8754019546122396,
        "style": {
          "padding": "10px",
          "border": "1px solid #ddd",
          "borderRadius": "5px",
          "width": "200px",
          "textAlign": "center",
          "background": "#1f1f1f",
          "color": "#eee",
          "glowColor": "#00ff88",
          "boxShadow": "0 1px 3px rgba(0,0,0,0.45), 0 0 8px 2px rgba(0,255,136,0.12)"
        },
        "id": "a05b72f5-d879-4baa-b52f-41e8838a520d.GainFlowNode",
        "gainMidiMapping": null
      },
      "measured": {
        "width": 222,
        "height": 96
      },
      "selected": false,
      "dragging": false
    },
    {
      "id": "6eac0ab8-d2e7-4c29-b2d0-324c0e7f3541.GainFlowNode",
      "type": "GainFlowNode",
      "position": {
        "x": 910.3545077707059,
        "y": -62.1949684331628
      },
      "data": {
        "label": "GainFlowNode Node",
        "gain": 1,
        "style": {
          "padding": "10px",
          "border": "1px solid #ddd",
          "borderRadius": "5px",
          "width": "200px",
          "textAlign": "center",
          "background": "#1f1f1f",
          "color": "#eee",
          "glowColor": "#00ff88",
          "boxShadow": "0 1px 3px rgba(0,0,0,0.45), 0 0 8px 2px rgba(0,255,136,0.12)"
        },
        "id": "6eac0ab8-d2e7-4c29-b2d0-324c0e7f3541.GainFlowNode",
        "gainMidiMapping": null
      },
      "measured": {
        "width": 222,
        "height": 96
      },
      "selected": false,
      "dragging": false
    }
  ],
  "edges": [
    {
      "source": "f32887a8-fd7a-404b-8da8-dd355085eda4.OscillatorFlowNode",
      "sourceHandle": "output",
      "target": "7ec26e18-55cd-45ca-951d-f4e4888a3ff6.GainFlowNode",
      "targetHandle": "main-input",
      "id": "xy-edge__f32887a8-fd7a-404b-8da8-dd355085eda4.OscillatorFlowNodeoutput-7ec26e18-55cd-45ca-951d-f4e4888a3ff6.GainFlowNodemain-input"
    },
    {
      "source": "84f81be4-5090-48f4-a358-84f4f0f5ee1c.ADSRFlowNode",
      "sourceHandle": "output",
      "target": "7ec26e18-55cd-45ca-951d-f4e4888a3ff6.GainFlowNode",
      "targetHandle": "gain",
      "id": "xy-edge__84f81be4-5090-48f4-a358-84f4f0f5ee1c.ADSRFlowNodeoutput-7ec26e18-55cd-45ca-951d-f4e4888a3ff6.GainFlowNodegain"
    },
    {
      "source": "42d5179c-e17e-4227-a347-ae295f75fb60.CustomNode",
      "sourceHandle": "output-0",
      "target": "84f81be4-5090-48f4-a358-84f4f0f5ee1c.ADSRFlowNode",
      "targetHandle": "main-input",
      "id": "xy-edge__42d5179c-e17e-4227-a347-ae295f75fb60.CustomNodeoutput-0-84f81be4-5090-48f4-a358-84f4f0f5ee1c.ADSRFlowNodemain-input"
    },
    {
      "source": "42d5179c-e17e-4227-a347-ae295f75fb60.CustomNode",
      "sourceHandle": "output-0",
      "target": "f32887a8-fd7a-404b-8da8-dd355085eda4.OscillatorFlowNode",
      "targetHandle": "frequency",
      "id": "xy-edge__42d5179c-e17e-4227-a347-ae295f75fb60.CustomNodeoutput-0-f32887a8-fd7a-404b-8da8-dd355085eda4.OscillatorFlowNodefrequency"
    },
    {
      "source": "1e5953c4-eecb-47be-9140-2498d025d976.DelayFlowNode",
      "sourceHandle": "output",
      "target": "a05b72f5-d879-4baa-b52f-41e8838a520d.GainFlowNode",
      "targetHandle": "main-input",
      "id": "xy-edge__1e5953c4-eecb-47be-9140-2498d025d976.DelayFlowNodeoutput-a05b72f5-d879-4baa-b52f-41e8838a520d.GainFlowNodemain-input",
      "selected": false
    },
    {
      "source": "7ec26e18-55cd-45ca-951d-f4e4888a3ff6.GainFlowNode",
      "sourceHandle": "output",
      "target": "6eac0ab8-d2e7-4c29-b2d0-324c0e7f3541.GainFlowNode",
      "targetHandle": "main-input",
      "id": "xy-edge__7ec26e18-55cd-45ca-951d-f4e4888a3ff6.GainFlowNodeoutput-6eac0ab8-d2e7-4c29-b2d0-324c0e7f3541.GainFlowNodemain-input"
    },
    {
      "source": "6eac0ab8-d2e7-4c29-b2d0-324c0e7f3541.GainFlowNode",
      "sourceHandle": "output",
      "target": "1e5953c4-eecb-47be-9140-2498d025d976.DelayFlowNode",
      "targetHandle": "main-input",
      "id": "xy-edge__6eac0ab8-d2e7-4c29-b2d0-324c0e7f3541.GainFlowNodeoutput-1e5953c4-eecb-47be-9140-2498d025d976.DelayFlowNodemain-input"
    },
    {
      "source": "a05b72f5-d879-4baa-b52f-41e8838a520d.GainFlowNode",
      "sourceHandle": "output",
      "target": "6eac0ab8-d2e7-4c29-b2d0-324c0e7f3541.GainFlowNode",
      "targetHandle": "main-input",
      "id": "xy-edge__a05b72f5-d879-4baa-b52f-41e8838a520d.GainFlowNodeoutput-6eac0ab8-d2e7-4c29-b2d0-324c0e7f3541.GainFlowNodemain-input"
    },
    {
      "source": "84f81be4-5090-48f4-a358-84f4f0f5ee1c.ADSRFlowNode",
      "sourceHandle": "output",
      "target": "f32887a8-fd7a-404b-8da8-dd355085eda4.OscillatorFlowNode",
      "targetHandle": "frequency",
      "id": "xy-edge__84f81be4-5090-48f4-a358-84f4f0f5ee1c.ADSRFlowNodeoutput-f32887a8-fd7a-404b-8da8-dd355085eda4.OscillatorFlowNodefrequency"
    },
    {
      "source": "1e5953c4-eecb-47be-9140-2498d025d976.DelayFlowNode",
      "sourceHandle": "output",
      "target": "916d6f22-3fa5-4ec8-bd9a-d637bff01286.AudioContextFlowNode",
      "targetHandle": "destination-input",
      "id": "xy-edge__1e5953c4-eecb-47be-9140-2498d025d976.DelayFlowNodeoutput-916d6f22-3fa5-4ec8-bd9a-d637bff01286.AudioContextFlowNodedestination-input"
    }
  ],
  "folder_path": "",
  "updated_at": "2025-10-12 08:56:45"
}