{
  "name": "FrequencySampleTest",
  "nodes": [
    {
      "id": "a8fd5142-fc4b-4305-9892-cd7f2322fb37.AudioContextFlowNode",
      "type": "AudioContextFlowNode",
      "position": {
        "x": 945,
        "y": 339.5
      },
      "data": {
        "label": "AudioContextFlowNode Node",
        "style": {
          "padding": "10px",
          "border": "1px solid #ddd",
          "borderRadius": "5px",
          "width": "200px",
          "textAlign": "center",
          "background": "#1f1f1f",
          "color": "#eee",
          "glowColor": "#00ff88",
          "boxShadow": "0 1px 3px rgba(0,0,0,0.45), 0 0 8px 2px rgba(0,255,136,0.12)"
        },
        "id": "a8fd5142-fc4b-4305-9892-cd7f2322fb37.AudioContextFlowNode"
      },
      "measured": {
        "width": 222,
        "height": 69
      },
      "selected": false,
      "dragging": false
    },
    {
      "id": "053955f8-a264-485b-991a-b8c1c877b168.SampleFrequencyFlowNode",
      "type": "SampleFrequencyFlowNode",
      "position": {
        "x": 310.4148160492972,
        "y": 348.4724317235878
      },
      "data": {
        "label": "SampleFrequencyFlowNode Node",
        "id": "053955f8-a264-485b-991a-b8c1c877b168.SampleFrequencyFlowNode",
        "squares": 8,
        "pattern": [
          true,
          true,
          true,
          false,
          true,
          true,
          false,
          false
        ],
        "notes": [
          "A4",
          "G5",
          "E4",
          "A4",
          "F4",
          "C4",
          "A4",
          "A4"
        ],
        "frequencies": [
          440,
          783.991,
          329.628,
          440,
          349.228,
          261.626,
          440,
          440
        ],
        "knobValues": [
          69,
          78.54495517857254,
          64.24526307320606,
          69,
          65.03486472979546,
          59.56913375731719,
          69,
          69
        ],
        "frequencyType": "midi",
        "pulseLengths": [
          100,
          100,
          100,
          100,
          100,
          100,
          100,
          100
        ],
        "defaultPulseMs": 100,
        "gpuEnabled": true,
        "style": {
          "background": "#1f1f1f",
          "border": "1px solid #2a3139",
          "borderRadius": "5px",
          "glowColor": "#00ff88",
          "boxShadow": "0 1px 3px rgba(0,0,0,0.45), 0 0 8px 2px rgba(0,255,136,0.12)",
          "color": "#eeeeee"
        }
      },
      "measured": {
        "width": 274,
        "height": 72
      },
      "selected": false,
      "dragging": false
    },
    {
      "id": "39e16ef3-a512-41e8-8b3e-7cecd2dd863a.OscillatorFlowNode",
      "type": "OscillatorFlowNode",
      "position": {
        "x": 649.4720654370915,
        "y": 288.2809266839711
      },
      "data": {
        "label": "Oscillator",
        "frequency": 91.633,
        "detune": 0,
        "type": "sine",
        "frequencyType": "hz",
        "style": {
          "padding": "10px",
          "border": "1px solid #ddd",
          "borderRadius": "5px",
          "width": "200px",
          "textAlign": "center",
          "background": "#3d0000",
          "color": "#eee",
          "glowColor": "#e2e3f3",
          "boxShadow": "0 1px 3px rgba(0,0,0,0.45), 0 0 8px 2px rgba(226,227,243,0.12)"
        },
        "id": "39e16ef3-a512-41e8-8b3e-7cecd2dd863a.OscillatorFlowNode",
        "knobValue": 22.03406365432691,
        "freqMidiMapping": null,
        "detuneMidiMapping": null
      },
      "measured": {
        "width": 222,
        "height": 188
      },
      "selected": false,
      "dragging": false
    },
    {
      "id": "942420b1-0629-4fd4-b402-8bd5d14a5cc0.ClockFlowNode",
      "type": "ClockFlowNode",
      "position": {
        "x": 19.690156391088024,
        "y": 337.36193517614026
      },
      "data": {
        "label": "ClockFlowNode Node",
        "bpm": 120,
        "eventBus": {
          "events": {
            "params.updateParams": [
              null
            ],
            "053955f8-a264-485b-991a-b8c1c877b168.SampleFrequencyFlowNode.G.receiveNodeOn": [
              null
            ],
            "053955f8-a264-485b-991a-b8c1c877b168.SampleFrequencyFlowNode.G.receivenodeOn": [
              null
            ],
            "053955f8-a264-485b-991a-b8c1c877b168.SampleFrequencyFlowNode.G.receiveNodeOff": [
              null
            ],
            "053955f8-a264-485b-991a-b8c1c877b168.SampleFrequencyFlowNode.G.receivenodeOff": [
              null
            ],
            "39e16ef3-a512-41e8-8b3e-7cecd2dd863a.OscillatorFlowNode.style.background": [
              null
            ]
          },
          "id": "39e51a0d-3514-4d25-920b-1fea27f26be2"
        },
        "style": {
          "padding": "10px",
          "border": "1px solid #ddd",
          "borderRadius": "5px",
          "width": "200px",
          "textAlign": "center",
          "background": "#1f1f1f",
          "color": "#eee",
          "glowColor": "#00ff88",
          "boxShadow": "0 1px 3px rgba(0,0,0,0.45), 0 0 8px 2px rgba(0,255,136,0.12)"
        },
        "id": "942420b1-0629-4fd4-b402-8bd5d14a5cc0.ClockFlowNode",
        "sendOff": false,
        "sendOffBeforeNextOn": false
      },
      "measured": {
        "width": 222,
        "height": 87
      },
      "selected": false,
      "dragging": false
    }
  ],
  "edges": [
    {
      "source": "39e16ef3-a512-41e8-8b3e-7cecd2dd863a.OscillatorFlowNode",
      "sourceHandle": "output",
      "target": "a8fd5142-fc4b-4305-9892-cd7f2322fb37.AudioContextFlowNode",
      "targetHandle": "destination-input",
      "id": "xy-edge__39e16ef3-a512-41e8-8b3e-7cecd2dd863a.OscillatorFlowNodeoutput-a8fd5142-fc4b-4305-9892-cd7f2322fb37.AudioContextFlowNodedestination-input"
    },
    {
      "source": "942420b1-0629-4fd4-b402-8bd5d14a5cc0.ClockFlowNode",
      "sourceHandle": "main-output",
      "target": "053955f8-a264-485b-991a-b8c1c877b168.SampleFrequencyFlowNode",
      "targetHandle": "main-input",
      "id": "xy-edge__942420b1-0629-4fd4-b402-8bd5d14a5cc0.ClockFlowNodemain-output-053955f8-a264-485b-991a-b8c1c877b168.SampleFrequencyFlowNodemain-input",
      "selected": false
    },
    {
      "style": {
        "stroke": "#00c76a",
        "strokeWidth": 2,
        "strokeLinecap": "round",
        "filter": "drop-shadow(0 0 2px rgba(0,199,106,0.6)) drop-shadow(0 0 4px rgba(0,199,106,0.3))"
      },
      "source": "053955f8-a264-485b-991a-b8c1c877b168.SampleFrequencyFlowNode",
      "sourceHandle": "output",
      "target": "39e16ef3-a512-41e8-8b3e-7cecd2dd863a.OscillatorFlowNode",
      "targetHandle": "frequency",
      "id": "xy-edge__053955f8-a264-485b-991a-b8c1c877b168.SampleFrequencyFlowNodeoutput-39e16ef3-a512-41e8-8b3e-7cecd2dd863a.OscillatorFlowNodefrequency",
      "selected": true
    }
  ],
  "folder_path": "",
  "updated_at": "2025-10-01 18:29:40"
}