{
  "name": "guitar",
  "nodes": [
    {
      "id": "4d4a7a95-d36a-4cc7-bbb7-d1fe08272541.MasterOutFlowNode",
      "type": "MasterOutFlowNode",
      "position": {
        "x": 1516.481202947825,
        "y": 136.71285850472935
      },
      "data": {
        "label": "",
        "style": {
          "padding": "5px",
          "border": "1px solid #2a3139",
          "borderRadius": "5px",
          "textAlign": "center",
          "background": "#1f1f1f",
          "color": "#eee",
          "boxShadow": "0 1px 3px rgba(0,0,0,0.45), 0 0 8px 2px rgba(0,255,136,0.08)",
          "glowColor": "#00ff88"
        },
        "id": "4d4a7a95-d36a-4cc7-bbb7-d1fe08272541.MasterOutFlowNode"
      },
      "measured": {
        "width": 60,
        "height": 63
      },
      "dragging": false,
      "selected": false
    },
    {
      "id": "a9c501ef-e051-4a0f-8662-247d8f741fbf.GainFlowNode",
      "type": "GainFlowNode",
      "position": {
        "x": 1391.176540872817,
        "y": 78.20597412866482
      },
      "data": {
        "label": "",
        "gain": 4.973106439171767,
        "style": {
          "padding": "5px",
          "border": "1px solid #2a3139",
          "borderRadius": "5px",
          "textAlign": "center",
          "background": "#1f1f1f",
          "color": "#eee",
          "boxShadow": "0 1px 3px rgba(0,0,0,0.45), 0 0 8px 2px rgba(0,255,136,0.08)",
          "glowColor": "#00ff88"
        },
        "id": "a9c501ef-e051-4a0f-8662-247d8f741fbf.GainFlowNode",
        "gainMidiMapping": null
      },
      "measured": {
        "width": 75,
        "height": 94
      },
      "dragging": false,
      "selected": false
    },
    {
      "id": "284966be-e3ae-4908-990d-6f8658aa9338.MicFlowNode",
      "type": "MicFlowNode",
      "position": {
        "x": 705.4301436060143,
        "y": 74.80323931597859
      },
      "data": {
        "label": "Mic",
        "id": "284966be-e3ae-4908-990d-6f8658aa9338.MicFlowNode",
        "style": {
          "padding": "5px",
          "border": "1px solid #2a3139",
          "borderRadius": "5px",
          "textAlign": "center",
          "background": "#1f1f1f",
          "color": "#eee",
          "boxShadow": "0 1px 3px rgba(0,0,0,0.45), 0 0 8px 2px rgba(0,255,136,0.08)",
          "glowColor": "#00ff88"
        },
        "selectedDeviceId": "default"
      },
      "measured": {
        "width": 238,
        "height": 140
      },
      "dragging": false,
      "selected": false
    }
  ],
  "edges": [
    {
      "style": {
        "strokeWidth": 1.5,
        "strokeLinecap": "round"
      },
      "source": "a9c501ef-e051-4a0f-8662-247d8f741fbf.GainFlowNode",
      "sourceHandle": "output",
      "target": "4d4a7a95-d36a-4cc7-bbb7-d1fe08272541.MasterOutFlowNode",
      "targetHandle": "destination-input",
      "id": "xy-edge__a9c501ef-e051-4a0f-8662-247d8f741fbf.GainFlowNodeoutput-4d4a7a95-d36a-4cc7-bbb7-d1fe08272541.MasterOutFlowNodedestination-input"
    },
    {
      "style": {
        "strokeWidth": 1.5,
        "strokeLinecap": "round"
      },
      "source": "284966be-e3ae-4908-990d-6f8658aa9338.MicFlowNode",
      "sourceHandle": "output",
      "target": "a9c501ef-e051-4a0f-8662-247d8f741fbf.GainFlowNode",
      "targetHandle": "main-input",
      "id": "xy-edge__284966be-e3ae-4908-990d-6f8658aa9338.MicFlowNodeoutput-a9c501ef-e051-4a0f-8662-247d8f741fbf.GainFlowNodemain-input"
    }
  ],
  "folder_path": "",
  "updated_at": "2025-11-22T13:38:33.286Z"
}