{
  "name": "hihat",
  "nodes": [
    {
      "id": "26b8b348-a882-4bc6-8adc-57d1642f858a.OscillatorFlowNode",
      "type": "OscillatorFlowNode",
      "position": {
        "x": 756.0705864764775,
        "y": -80.62525887759699
      },
      "data": {
        "label": "Oscillatora",
        "frequency": 987.767,
        "detune": -0.856698601598137,
        "type": "square",
        "frequencyType": "midi",
        "style": {
          "padding": "10px",
          "border": "1px solid #2a3139",
          "borderRadius": "5px",
          "width": "200px",
          "textAlign": "center",
          "background": "#1f1f1f",
          "color": "#eee",
          "boxShadow": "0 1px 3px rgba(0,0,0,0.45), 0 0 8px 2px rgba(0,255,136,0.08)",
          "glowColor": "#00ff88"
        },
        "id": "26b8b348-a882-4bc6-8adc-57d1642f858a.OscillatorFlowNode",
        "midiNode": "B5",
        "knobValue": 82.55907757059524,
        "freqMidiMapping": null,
        "detuneMidiMapping": null
      },
      "measured": {
        "width": 222,
        "height": 202
      },
      "dragging": false,
      "selected": false
    },
    {
      "id": "2707ef15-9456-4458-b3e0-c940dd79e30c.OscillatorFlowNode",
      "type": "OscillatorFlowNode",
      "position": {
        "x": 187.79930912826387,
        "y": -69.42879953310627
      },
      "data": {
        "label": "Oscillator",
        "frequency": 1864.655,
        "detune": 0,
        "type": "square",
        "frequencyType": "midi",
        "style": {
          "padding": "10px",
          "border": "1px solid #2a3139",
          "borderRadius": "5px",
          "width": "200px",
          "textAlign": "center",
          "background": "#1f1f1f",
          "color": "#eee",
          "boxShadow": "0 1px 3px rgba(0,0,0,0.45), 0 0 8px 2px rgba(0,255,136,0.08)",
          "glowColor": "#00ff88"
        },
        "id": "2707ef15-9456-4458-b3e0-c940dd79e30c.OscillatorFlowNode",
        "knobValue": 93.73634730412145,
        "freqMidiMapping": null,
        "detuneMidiMapping": null,
        "midiNode": "A#6"
      },
      "measured": {
        "width": 222,
        "height": 202
      },
      "dragging": false,
      "selected": false
    },
    {
      "id": "ad6d2ec1-ee9a-414a-9446-29a94040061c.GainFlowNode",
      "type": "GainFlowNode",
      "position": {
        "x": 1133.9892279102392,
        "y": -56.86791738760781
      },
      "data": {
        "label": "",
        "gain": 0.985135247154715,
        "style": {
          "padding": "10px",
          "border": "1px solid #2a3139",
          "borderRadius": "5px",
          "width": "200px",
          "textAlign": "center",
          "background": "#1f1f1f",
          "color": "#eee",
          "boxShadow": "0 1px 3px rgba(0,0,0,0.45), 0 0 8px 2px rgba(0,255,136,0.08)",
          "glowColor": "#00ff88",
          "fontSize": 14
        },
        "id": "ad6d2ec1-ee9a-414a-9446-29a94040061c.GainFlowNode",
        "gainMidiMapping": null
      },
      "measured": {
        "width": 222,
        "height": 144
      },
      "dragging": false,
      "selected": false
    },
    {
      "id": "53edb6ba-9d4d-4373-94a7-388031c59f50.GainFlowNode",
      "type": "GainFlowNode",
      "position": {
        "x": 1441.6506746950588,
        "y": 169.3017862128753
      },
      "data": {
        "label": "",
        "gain": 1,
        "style": {
          "padding": "10px",
          "border": "1px solid #2a3139",
          "borderRadius": "5px",
          "width": "200px",
          "textAlign": "center",
          "background": "#1f1f1f",
          "color": "#eee",
          "boxShadow": "0 1px 3px rgba(0,0,0,0.45), 0 0 8px 2px rgba(0,255,136,0.08)",
          "glowColor": "#00ff88",
          "fontSize": 14
        },
        "id": "53edb6ba-9d4d-4373-94a7-388031c59f50.GainFlowNode",
        "gainMidiMapping": null
      },
      "measured": {
        "width": 222,
        "height": 144
      },
      "dragging": false,
      "selected": false
    },
    {
      "id": "e3900a19-7add-452f-85a8-72a0d2403bde.ADSRFlowNode",
      "type": "ADSRFlowNode",
      "position": {
        "x": 341.2821834700009,
        "y": -449.1299132357077
      },
      "data": {
        "label": "ADSR",
        "attackTime": 0.01,
        "decayTime": 0.2,
        "sustainLevel": 0.062,
        "releaseTime": 0.003,
        "maxTime": 10,
        "style": {
          "padding": "10px",
          "border": "1px solid #2a3139",
          "borderRadius": "5px",
          "width": "200px",
          "textAlign": "center",
          "background": "#1f1f1f",
          "color": "#eee",
          "boxShadow": "0 1px 3px rgba(0,0,0,0.45), 0 0 8px 2px rgba(0,255,136,0.08)",
          "glowColor": "#00ff88"
        },
        "id": "e3900a19-7add-452f-85a8-72a0d2403bde.ADSRFlowNode",
        "sustainTime": 0.057,
        "minPercent": 0,
        "maxPercent": 229,
        "lengthSec": 3
      },
      "measured": {
        "width": 222,
        "height": 237
      },
      "dragging": false,
      "selected": false
    },
    {
      "id": "b491388e-76bb-4123-ac20-dd0858a938b8.AudioContextFlowNode",
      "type": "AudioContextFlowNode",
      "position": {
        "x": 2595.801723424442,
        "y": 141.53324774934777
      },
      "data": {
        "label": "",
        "style": {
          "padding": "10px",
          "border": "1px solid #2a3139",
          "borderRadius": "5px",
          "width": "200px",
          "textAlign": "center",
          "background": "#1f1f1f",
          "color": "#eee",
          "boxShadow": "0 1px 3px rgba(0,0,0,0.45), 0 0 8px 2px rgba(0,255,136,0.08)",
          "glowColor": "#00ff88"
        },
        "id": "b491388e-76bb-4123-ac20-dd0858a938b8.AudioContextFlowNode"
      },
      "measured": {
        "width": 222,
        "height": 70
      },
      "dragging": false,
      "selected": false
    },
    {
      "id": "1b56d741-5ecc-4de2-9cd7-2d0eeb0a9d36.BiquadFilterFlowNode",
      "type": "BiquadFilterFlowNode",
      "position": {
        "x": 1750.8515295391142,
        "y": 76.01791307971799
      },
      "data": {
        "label": "a",
        "filterType": "lowpass",
        "frequency": 7325.219118858735,
        "detune": 0,
        "Q": 0.06729056006443077,
        "gain": 39.677601592664345,
        "style": {
          "padding": "10px",
          "border": "1px solid #2a3139",
          "borderRadius": "5px",
          "width": "200px",
          "textAlign": "center",
          "background": "#1f1f1f",
          "color": "#eee",
          "boxShadow": "0 1px 3px rgba(0,0,0,0.45), 0 0 8px 2px rgba(0,255,136,0.12)",
          "glowColor": "#00ff88"
        },
        "id": "1b56d741-5ecc-4de2-9cd7-2d0eeb0a9d36.BiquadFilterFlowNode",
        "freqMidiMapping": null,
        "detuneMidiMapping": null,
        "qMidiMapping": null,
        "gainMidiMapping": null,
        "type": "highpass"
      },
      "measured": {
        "width": 222,
        "height": 300
      },
      "dragging": false,
      "selected": false
    },
    {
      "id": "ea15aa96-68b1-4263-ab1e-c92dd8c266e5.GainFlowNode",
      "type": "GainFlowNode",
      "position": {
        "x": 2172.8860926011025,
        "y": 298.33211778486117
      },
      "data": {
        "label": "",
        "gain": 0.9798618326215665,
        "style": {
          "padding": "10px",
          "border": "1px solid #2a3139",
          "borderRadius": "5px",
          "width": "200px",
          "textAlign": "center",
          "background": "#1f1f1f",
          "color": "#eee",
          "boxShadow": "0 1px 3px rgba(0,0,0,0.45), 0 0 8px 2px rgba(0,255,136,0.08)",
          "glowColor": "#00ff88",
          "fontSize": 14
        },
        "id": "ea15aa96-68b1-4263-ab1e-c92dd8c266e5.GainFlowNode",
        "gainMidiMapping": null
      },
      "measured": {
        "width": 222,
        "height": 144
      },
      "dragging": false,
      "selected": false
    },
    {
      "id": "df3c92fc-271a-4f4e-a581-a0d7bbc5b71e.MouseTriggerButton",
      "type": "MouseTriggerButton",
      "position": {
        "x": 1425.9075060052205,
        "y": -276.74796382809075
      },
      "data": {
        "label": "Mouse Trigger",
        "style": {
          "padding": "10px",
          "border": "1px solid #2a3139",
          "borderRadius": "5px",
          "width": "140px",
          "textAlign": "center",
          "background": "#1f1f1f",
          "color": "#eee",
          "userSelect": "none",
          "boxShadow": "0 1px 3px rgba(0,0,0,0.45), 0 0 8px 2px rgba(0,255,136,0.08)",
          "glowColor": "#00ff88"
        },
        "db": {
          "db": {},
          "dbName": "FlowSynthDB",
          "storeName": "flows",
          "uuid": "cb153712-3150-4891-8948-93e6d29ae208"
        },
        "id": "df3c92fc-271a-4f4e-a581-a0d7bbc5b71e.MouseTriggerButton"
      },
      "measured": {
        "width": 162,
        "height": 89
      },
      "dragging": false,
      "selected": false
    },
    {
      "id": "f03714f7-9e91-4169-8704-d5fb0addc154.GainFlowNode",
      "type": "GainFlowNode",
      "position": {
        "x": 451.4440373214112,
        "y": -45.928949911535184
      },
      "data": {
        "label": "aaaaaaaaaaaaaaaaa",
        "gain": 9549.05698807229,
        "style": {
          "padding": "10px",
          "border": "1px solid #2a3139",
          "borderRadius": "5px",
          "width": "200px",
          "textAlign": "center",
          "background": "#1f1f1f",
          "color": "#eee",
          "boxShadow": "0 1px 3px rgba(0,0,0,0.45), 0 0 8px 2px rgba(0,255,136,0.08)",
          "glowColor": "#00ff88",
          "fontSize": 14
        },
        "id": "f03714f7-9e91-4169-8704-d5fb0addc154.GainFlowNode",
        "gainMidiMapping": null
      },
      "measured": {
        "width": 222,
        "height": 144
      },
      "dragging": false,
      "selected": false
    },
    {
      "id": "e85da56f-02a9-44a4-a0e5-1075bf763495.ButtonFlowNode",
      "type": "ButtonFlowNode",
      "position": {
        "x": 46.349837915634254,
        "y": -353.1985112355404
      },
      "data": {
        "label": "Button",
        "assignedKey": "A",
        "retriggerFrequency": 1,
        "isRetriggering": false,
        "isPressed": false,
        "retriggerLength": 0.1,
        "id": "e85da56f-02a9-44a4-a0e5-1075bf763495.ButtonFlowNode",
        "style": {
          "padding": "10px",
          "border": "1px solid #2a3139",
          "borderRadius": "5px",
          "textAlign": "center",
          "background": "#333",
          "color": "#eee",
          "boxShadow": "0 1px 3px rgba(0,0,0,0.45), 0 0 8px 2px rgba(0,255,136,0.08)",
          "glowColor": "#00ff88",
          "width": "140px"
        }
      },
      "measured": {
        "width": 162,
        "height": 109
      },
      "dragging": false,
      "selected": false
    },
    {
      "id": "8835c0c8-6ca4-40be-b61e-9e6301b14a69.NoiseFlowNode",
      "type": "NoiseFlowNode",
      "position": {
        "x": 708.2125428237462,
        "y": 273.5487737705147
      },
      "data": {
        "label": "",
        "id": "8835c0c8-6ca4-40be-b61e-9e6301b14a69.NoiseFlowNode",
        "style": {
          "padding": "10px",
          "border": "1px solid #2a3139",
          "borderRadius": "5px",
          "textAlign": "center",
          "background": "#1f1f1f",
          "color": "#eee",
          "boxShadow": "0 1px 3px rgba(0,0,0,0.45), 0 0 8px 2px rgba(0,255,136,0.12)",
          "glowColor": "#00ff88"
        },
        "noiseType": "white",
        "processorCode": "class ExtendAudioWorkletProcessor extends AudioWorkletProcessor {\n  constructor(){\n    super();\n    this._pinkState = new Float32Array(7);\n    this._brown = 0;\n    this._grayLast = 0;\n  }\n  process(inputs, outputs, parameters){\n    const out = outputs[0]; if(!out) return true;\n    for(let ch=0; ch<out.length; ch++){\n      const buf = out[ch];\n      for(let i=0;i<buf.length;i++){\n        let sample = 0;\n        switch('white') {\n          case 'white': sample = (Math.random()*2-1); break;\n          case 'pink': { let ps = this._pinkState; ps[0] = 0.99886 * ps[0] + Math.random() * 0.0555179; ps[1] = 0.99332 * ps[1] + Math.random() * 0.0750759; ps[2] = 0.96900 * ps[2] + Math.random() * 0.1538520; ps[3] = 0.86650 * ps[3] + Math.random() * 0.3104856; ps[4] = 0.55000 * ps[4] + Math.random() * 0.5329522; ps[5] = -0.7616 * ps[5] - Math.random() * 0.0168980; sample = ps[0]+ps[1]+ps[2]+ps[3]+ps[4]+ps[5]+ps[6] + Math.random()*0.5362; ps[6] = Math.random()*0.115926; sample *= 0.11; break; }\n          case 'brown': { this._brown += (Math.random()*2 - 1) * 0.02; if (this._brown < -1) this._brown = -1; else if (this._brown > 1) this._brown = 1; sample = this._brown; break; }\n          case 'blue': { const w1 = (Math.random()*2-1); const w2 = (Math.random()*2-1); sample = (w2 - w1); break; }\n          case 'violet': { const w1 = (Math.random()*2-1); const w2 = (Math.random()*2-1); const w3 = (Math.random()*2-1); sample = (w3 - 2*w2 + w1); break; }\n          case 'gray': { const white = (Math.random()*2-1); this._grayLast = 0.97 * this._grayLast + 0.03 * white; sample = this._grayLast; break; }\n        }\n        buf[i] = sample * 0.35;\n      }\n    }\n    return true;\n  }\n}"
      },
      "measured": {
        "width": 218,
        "height": 76
      },
      "dragging": false,
      "selected": false
    },
    {
      "id": "c66c5402-de20-469e-ab02-880c37f65353.GainFlowNode",
      "type": "GainFlowNode",
      "position": {
        "x": 1478.8825611001841,
        "y": 405.09975465489697
      },
      "data": {
        "label": "",
        "gain": 1,
        "style": {
          "padding": "10px",
          "border": "1px solid #2a3139",
          "borderRadius": "5px",
          "textAlign": "center",
          "background": "#1f1f1f",
          "color": "#eee",
          "boxShadow": "0 1px 3px rgba(0,0,0,0.45), 0 0 8px 2px rgba(0,255,136,0.08)",
          "width": "80px",
          "fontSize": 14,
          "glowColor": "#00ff88"
        },
        "id": "c66c5402-de20-469e-ab02-880c37f65353.GainFlowNode",
        "gainMidiMapping": null
      },
      "measured": {
        "width": 102,
        "height": 144
      },
      "dragging": false,
      "selected": false
    },
    {
      "id": "756b10ac-09ad-49b4-98c6-14ce35f6b42f.ADSRFlowNode",
      "type": "ADSRFlowNode",
      "position": {
        "x": 829.0824189371654,
        "y": 474.86761215176796
      },
      "data": {
        "label": "ADSR",
        "attackTime": 0.014,
        "decayTime": 0.2,
        "sustainLevel": 0.08,
        "releaseTime": 0.054,
        "maxTime": 10,
        "style": {
          "padding": "10px",
          "border": "1px solid #2a3139",
          "borderRadius": "5px",
          "textAlign": "center",
          "background": "#1f1f1f",
          "color": "#eee",
          "boxShadow": "0 1px 3px rgba(0,0,0,0.45), 0 0 8px 2px rgba(0,255,136,0.08)",
          "glowColor": "#00ff88"
        },
        "id": "756b10ac-09ad-49b4-98c6-14ce35f6b42f.ADSRFlowNode",
        "sustainTime": 0.015,
        "minPercent": 0,
        "maxPercent": 248,
        "lengthSec": 0.8999999999999999
      },
      "measured": {
        "width": 222,
        "height": 237
      },
      "dragging": false,
      "selected": false
    }
  ],
  "edges": [
    {
      "style": {
        "strokeWidth": 1.5,
        "strokeLinecap": "round"
      },
      "source": "26b8b348-a882-4bc6-8adc-57d1642f858a.OscillatorFlowNode",
      "sourceHandle": "output",
      "target": "ad6d2ec1-ee9a-414a-9446-29a94040061c.GainFlowNode",
      "targetHandle": "main-input",
      "id": "xy-edge__26b8b348-a882-4bc6-8adc-57d1642f858a.OscillatorFlowNodeoutput-ad6d2ec1-ee9a-414a-9446-29a94040061c.GainFlowNodemain-input"
    },
    {
      "style": {
        "strokeWidth": 1.5,
        "strokeLinecap": "round"
      },
      "source": "53edb6ba-9d4d-4373-94a7-388031c59f50.GainFlowNode",
      "sourceHandle": "output",
      "target": "1b56d741-5ecc-4de2-9cd7-2d0eeb0a9d36.BiquadFilterFlowNode",
      "targetHandle": "main-input",
      "id": "xy-edge__53edb6ba-9d4d-4373-94a7-388031c59f50.GainFlowNodeoutput-1b56d741-5ecc-4de2-9cd7-2d0eeb0a9d36.BiquadFilterFlowNodemain-input"
    },
    {
      "style": {
        "strokeWidth": 1.5,
        "strokeLinecap": "round"
      },
      "source": "1b56d741-5ecc-4de2-9cd7-2d0eeb0a9d36.BiquadFilterFlowNode",
      "sourceHandle": "output",
      "target": "ea15aa96-68b1-4263-ab1e-c92dd8c266e5.GainFlowNode",
      "targetHandle": "main-input",
      "id": "xy-edge__1b56d741-5ecc-4de2-9cd7-2d0eeb0a9d36.BiquadFilterFlowNodeoutput-ea15aa96-68b1-4263-ab1e-c92dd8c266e5.GainFlowNodemain-input"
    },
    {
      "style": {
        "strokeWidth": 1.5,
        "strokeLinecap": "round"
      },
      "source": "ea15aa96-68b1-4263-ab1e-c92dd8c266e5.GainFlowNode",
      "sourceHandle": "output",
      "target": "b491388e-76bb-4123-ac20-dd0858a938b8.AudioContextFlowNode",
      "targetHandle": "destination-input",
      "id": "xy-edge__ea15aa96-68b1-4263-ab1e-c92dd8c266e5.GainFlowNodeoutput-b491388e-76bb-4123-ac20-dd0858a938b8.AudioContextFlowNodedestination-input"
    },
    {
      "style": {
        "strokeWidth": 1.5,
        "strokeLinecap": "round",
        "filter": "drop-shadow(0 0 2px rgba(255,255,255,0.6)) drop-shadow(0 0 4px rgba(255,255,255,0.3))"
      },
      "source": "df3c92fc-271a-4f4e-a581-a0d7bbc5b71e.MouseTriggerButton",
      "sourceHandle": "output",
      "target": "e3900a19-7add-452f-85a8-72a0d2403bde.ADSRFlowNode",
      "targetHandle": "main-input",
      "id": "xy-edge__df3c92fc-271a-4f4e-a581-a0d7bbc5b71e.MouseTriggerButtonoutput-e3900a19-7add-452f-85a8-72a0d2403bde.ADSRFlowNodemain-input",
      "selected": false
    },
    {
      "style": {
        "strokeWidth": 1.5,
        "strokeLinecap": "round"
      },
      "source": "2707ef15-9456-4458-b3e0-c940dd79e30c.OscillatorFlowNode",
      "sourceHandle": "output",
      "target": "f03714f7-9e91-4169-8704-d5fb0addc154.GainFlowNode",
      "targetHandle": "main-input",
      "id": "xy-edge__2707ef15-9456-4458-b3e0-c940dd79e30c.OscillatorFlowNodeoutput-f03714f7-9e91-4169-8704-d5fb0addc154.GainFlowNodemain-input"
    },
    {
      "style": {
        "strokeWidth": 1.5,
        "strokeLinecap": "round"
      },
      "source": "e85da56f-02a9-44a4-a0e5-1075bf763495.ButtonFlowNode",
      "sourceHandle": "output",
      "target": "e3900a19-7add-452f-85a8-72a0d2403bde.ADSRFlowNode",
      "targetHandle": "main-input",
      "id": "xy-edge__e85da56f-02a9-44a4-a0e5-1075bf763495.ButtonFlowNodeoutput-e3900a19-7add-452f-85a8-72a0d2403bde.ADSRFlowNodemain-input"
    },
    {
      "style": {
        "strokeWidth": 1.5,
        "strokeLinecap": "round"
      },
      "source": "f03714f7-9e91-4169-8704-d5fb0addc154.GainFlowNode",
      "sourceHandle": "output",
      "target": "26b8b348-a882-4bc6-8adc-57d1642f858a.OscillatorFlowNode",
      "targetHandle": "detune",
      "id": "xy-edge__f03714f7-9e91-4169-8704-d5fb0addc154.GainFlowNodeoutput-26b8b348-a882-4bc6-8adc-57d1642f858a.OscillatorFlowNodedetune"
    },
    {
      "style": {
        "strokeWidth": 1.5,
        "strokeLinecap": "round"
      },
      "source": "e3900a19-7add-452f-85a8-72a0d2403bde.ADSRFlowNode",
      "sourceHandle": "output",
      "target": "26b8b348-a882-4bc6-8adc-57d1642f858a.OscillatorFlowNode",
      "targetHandle": "frequency",
      "id": "xy-edge__e3900a19-7add-452f-85a8-72a0d2403bde.ADSRFlowNodeoutput-26b8b348-a882-4bc6-8adc-57d1642f858a.OscillatorFlowNodefrequency"
    },
    {
      "style": {
        "strokeWidth": 1.5,
        "strokeLinecap": "round"
      },
      "source": "e3900a19-7add-452f-85a8-72a0d2403bde.ADSRFlowNode",
      "sourceHandle": "output",
      "target": "2707ef15-9456-4458-b3e0-c940dd79e30c.OscillatorFlowNode",
      "targetHandle": "frequency",
      "id": "xy-edge__e3900a19-7add-452f-85a8-72a0d2403bde.ADSRFlowNodeoutput-2707ef15-9456-4458-b3e0-c940dd79e30c.OscillatorFlowNodefrequency"
    },
    {
      "style": {
        "strokeWidth": 1.5,
        "strokeLinecap": "round"
      },
      "source": "e3900a19-7add-452f-85a8-72a0d2403bde.ADSRFlowNode",
      "sourceHandle": "output",
      "target": "f03714f7-9e91-4169-8704-d5fb0addc154.GainFlowNode",
      "targetHandle": "gain",
      "id": "xy-edge__e3900a19-7add-452f-85a8-72a0d2403bde.ADSRFlowNodeoutput-f03714f7-9e91-4169-8704-d5fb0addc154.GainFlowNodegain"
    },
    {
      "style": {
        "strokeWidth": 1.5,
        "strokeLinecap": "round"
      },
      "source": "8835c0c8-6ca4-40be-b61e-9e6301b14a69.NoiseFlowNode",
      "sourceHandle": "output",
      "target": "c66c5402-de20-469e-ab02-880c37f65353.GainFlowNode",
      "targetHandle": "main-input",
      "id": "xy-edge__8835c0c8-6ca4-40be-b61e-9e6301b14a69.NoiseFlowNodeoutput-c66c5402-de20-469e-ab02-880c37f65353.GainFlowNodemain-input"
    },
    {
      "style": {
        "strokeWidth": 1.5,
        "strokeLinecap": "round"
      },
      "source": "756b10ac-09ad-49b4-98c6-14ce35f6b42f.ADSRFlowNode",
      "sourceHandle": "output",
      "target": "c66c5402-de20-469e-ab02-880c37f65353.GainFlowNode",
      "targetHandle": "gain",
      "id": "xy-edge__756b10ac-09ad-49b4-98c6-14ce35f6b42f.ADSRFlowNodeoutput-c66c5402-de20-469e-ab02-880c37f65353.GainFlowNodegain"
    },
    {
      "style": {
        "strokeWidth": 1.5,
        "strokeLinecap": "round"
      },
      "source": "c66c5402-de20-469e-ab02-880c37f65353.GainFlowNode",
      "sourceHandle": "output",
      "target": "1b56d741-5ecc-4de2-9cd7-2d0eeb0a9d36.BiquadFilterFlowNode",
      "targetHandle": "main-input",
      "id": "xy-edge__c66c5402-de20-469e-ab02-880c37f65353.GainFlowNodeoutput-1b56d741-5ecc-4de2-9cd7-2d0eeb0a9d36.BiquadFilterFlowNodemain-input"
    },
    {
      "style": {
        "strokeWidth": 1.5,
        "strokeLinecap": "round"
      },
      "source": "e85da56f-02a9-44a4-a0e5-1075bf763495.ButtonFlowNode",
      "sourceHandle": "output",
      "target": "756b10ac-09ad-49b4-98c6-14ce35f6b42f.ADSRFlowNode",
      "targetHandle": "main-input",
      "id": "xy-edge__e85da56f-02a9-44a4-a0e5-1075bf763495.ButtonFlowNodeoutput-756b10ac-09ad-49b4-98c6-14ce35f6b42f.ADSRFlowNodemain-input"
    }
  ],
  "folder_path": "",
  "updated_at": "2025-10-19T19:23:55.660Z"
}