{
  "name": "kick",
  "nodes": [
    {
      "id": "813414e3-ecbb-4b8f-acd6-4e398318995b.OutputNode",
      "type": "OutputNode",
      "position": {
        "x": 573.8929413286976,
        "y": 347.7731429236631
      },
      "data": {
        "label": "OutputNode Node",
        "index": 0,
        "value": "",
        "style": {
          "padding": "10px",
          "border": "1px solid #2a3139",
          "borderRadius": "5px",
          "width": "200px",
          "textAlign": "center",
          "background": "#1f1f1f",
          "color": "#eee",
          "boxShadow": "0 1px 3px rgba(0,0,0,0.45), 0 0 8px 2px rgba(0,255,136,0.08)",
          "glowColor": "#00ff88"
        },
        "id": "813414e3-ecbb-4b8f-acd6-4e398318995b.OutputNode"
      },
      "measured": {
        "width": 84,
        "height": 76
      },
      "dragging": false,
      "selected": false
    },
    {
      "id": "999a1c09-c271-446e-84fb-a1d92f194b90.OscillatorFlowNode",
      "type": "OscillatorFlowNode",
      "position": {
        "x": -603.0268428979978,
        "y": -93.8274950218746
      },
      "data": {
        "label": "Oscillator",
        "frequency": 130.813,
        "detune": 0,
        "type": "sine",
        "frequencyType": "midi",
        "style": {
          "padding": "10px",
          "border": "1px solid #2a3139",
          "borderRadius": "5px",
          "width": "200px",
          "textAlign": "center",
          "background": "#1f1f1f",
          "color": "#eee",
          "boxShadow": "0 1px 3px rgba(0,0,0,0.45), 0 0 8px 2px rgba(0,255,136,0.08)",
          "glowColor": "#00ff88"
        },
        "id": "999a1c09-c271-446e-84fb-a1d92f194b90.OscillatorFlowNode",
        "knobValue": 48,
        "freqMidiMapping": null,
        "detuneMidiMapping": null,
        "midiNode": "C3"
      },
      "measured": {
        "width": 222,
        "height": 245
      },
      "dragging": false,
      "selected": false
    },
    {
      "id": "cb594352-3a92-4d36-bd89-e8b2c7629607.OscillatorFlowNode",
      "type": "OscillatorFlowNode",
      "position": {
        "x": -600.3296900650906,
        "y": 155.29442388456192
      },
      "data": {
        "label": "Oscillator",
        "frequency": 146.832,
        "detune": 0,
        "type": "sine",
        "frequencyType": "midi",
        "style": {
          "padding": "10px",
          "border": "1px solid #2a3139",
          "borderRadius": "5px",
          "width": "200px",
          "textAlign": "center",
          "background": "#1f1f1f",
          "color": "#eee",
          "boxShadow": "0 1px 3px rgba(0,0,0,0.45), 0 0 8px 2px rgba(0,255,136,0.08)",
          "glowColor": "#00ff88"
        },
        "id": "cb594352-3a92-4d36-bd89-e8b2c7629607.OscillatorFlowNode",
        "knobValue": 50.215553194233124,
        "freqMidiMapping": null,
        "detuneMidiMapping": null,
        "midiNode": "D3"
      },
      "measured": {
        "width": 222,
        "height": 245
      },
      "dragging": false,
      "selected": false
    },
    {
      "id": "5ceb2269-8370-4c80-8898-d3d080be19ea.OscillatorFlowNode",
      "type": "OscillatorFlowNode",
      "position": {
        "x": -586.2062051925873,
        "y": 397.82475753739914
      },
      "data": {
        "label": "Oscillator",
        "frequency": 65.406,
        "detune": 0.13456619144064777,
        "type": "sine",
        "frequencyType": "midi",
        "style": {
          "padding": "10px",
          "border": "1px solid #2a3139",
          "borderRadius": "5px",
          "width": "200px",
          "textAlign": "center",
          "background": "#1f1f1f",
          "color": "#eee",
          "boxShadow": "0 1px 3px rgba(0,0,0,0.45), 0 0 8px 2px rgba(0,255,136,0.08)",
          "glowColor": "#00ff88"
        },
        "id": "5ceb2269-8370-4c80-8898-d3d080be19ea.OscillatorFlowNode",
        "knobValue": 36,
        "freqMidiMapping": null,
        "detuneMidiMapping": null,
        "midiNode": "C2"
      },
      "measured": {
        "width": 222,
        "height": 245
      },
      "dragging": false,
      "selected": false
    },
    {
      "id": "055920a6-0628-425f-b970-24a791f57699.OscillatorFlowNode",
      "type": "OscillatorFlowNode",
      "position": {
        "x": -580.5963218680683,
        "y": 636.7834321049667
      },
      "data": {
        "label": "Oscillator",
        "frequency": 73.416,
        "detune": 0,
        "type": "sine",
        "frequencyType": "midi",
        "style": {
          "padding": "10px",
          "border": "1px solid #2a3139",
          "borderRadius": "5px",
          "width": "200px",
          "textAlign": "center",
          "background": "#1f1f1f",
          "color": "#eee",
          "boxShadow": "0 1px 3px rgba(0,0,0,0.45), 0 0 8px 2px rgba(0,255,136,0.12)",
          "glowColor": "#00ff88"
        },
        "id": "055920a6-0628-425f-b970-24a791f57699.OscillatorFlowNode",
        "knobValue": 38.25248612133806,
        "freqMidiMapping": null,
        "detuneMidiMapping": null,
        "midiNode": "D2"
      },
      "measured": {
        "width": 222,
        "height": 245
      },
      "dragging": false,
      "selected": false
    },
    {
      "id": "c67a4bf6-7349-4920-8063-09ebe243e4da.ADSRFlowNode",
      "type": "ADSRFlowNode",
      "position": {
        "x": -963.1888673915086,
        "y": 63.25132255718046
      },
      "data": {
        "label": "ADSRFlowNode Node",
        "attackTime": 0.001,
        "decayTime": 0.2,
        "sustainLevel": 0.14,
        "releaseTime": 0.067,
        "maxTime": 10,
        "style": {
          "padding": "10px",
          "border": "1px solid #2a3139",
          "borderRadius": "5px",
          "width": "200px",
          "textAlign": "center",
          "background": "#1f1f1f",
          "color": "#eee",
          "boxShadow": "0 1px 3px rgba(0,0,0,0.45), 0 0 8px 2px rgba(0,255,136,0.08)",
          "glowColor": "#00ff88"
        },
        "id": "c67a4bf6-7349-4920-8063-09ebe243e4da.ADSRFlowNode",
        "sustainTime": 0.07,
        "minPercent": 95,
        "maxPercent": 336,
        "lengthSec": 0.12
      },
      "measured": {
        "width": 222,
        "height": 237
      },
      "dragging": false,
      "selected": false
    },
    {
      "id": "b0cf1246-bbd2-4973-934c-6f167c67682e.GainFlowNode",
      "type": "GainFlowNode",
      "position": {
        "x": 149.4459504747834,
        "y": 239.10544456945604
      },
      "data": {
        "label": "GainFlowNode Node",
        "gain": 1.0209762839038032,
        "style": {
          "padding": "10px",
          "border": "1px solid #2a3139",
          "borderRadius": "5px",
          "width": "200px",
          "textAlign": "center",
          "background": "#1f1f1f",
          "color": "#eee",
          "boxShadow": "0 1px 3px rgba(0,0,0,0.45), 0 0 8px 2px rgba(0,255,136,0.08)",
          "glowColor": "#00ff88"
        },
        "id": "b0cf1246-bbd2-4973-934c-6f167c67682e.GainFlowNode",
        "gainMidiMapping": null
      },
      "measured": {
        "width": 222,
        "height": 104
      },
      "dragging": false,
      "selected": false
    },
    {
      "id": "ff58d8f8-ae4f-49a3-8735-fb14d1fe5a0a.GainFlowNode",
      "type": "GainFlowNode",
      "position": {
        "x": -261.07782127184214,
        "y": 204.95876290872718
      },
      "data": {
        "label": "GainFlowNode Node",
        "gain": 0.8892599299577587,
        "style": {
          "padding": "10px",
          "border": "1px solid #2a3139",
          "borderRadius": "5px",
          "width": "200px",
          "textAlign": "center",
          "background": "#1f1f1f",
          "color": "#eee",
          "boxShadow": "0 1px 3px rgba(0,0,0,0.45), 0 0 8px 2px rgba(0,255,136,0.08)",
          "glowColor": "#00ff88"
        },
        "id": "ff58d8f8-ae4f-49a3-8735-fb14d1fe5a0a.GainFlowNode",
        "gainMidiMapping": null
      },
      "measured": {
        "width": 222,
        "height": 104
      },
      "dragging": false,
      "selected": false
    },
    {
      "id": "bb646ebc-2e1d-46b0-b120-658d4da9f286.GainFlowNode",
      "type": "GainFlowNode",
      "position": {
        "x": -265.5763314633053,
        "y": 419.7859462614819
      },
      "data": {
        "label": "GainFlowNode Node",
        "gain": 0.9759426680244065,
        "style": {
          "padding": "10px",
          "border": "1px solid #2a3139",
          "borderRadius": "5px",
          "width": "200px",
          "textAlign": "center",
          "background": "#1f1f1f",
          "color": "#eee",
          "boxShadow": "0 1px 3px rgba(0,0,0,0.45), 0 0 8px 2px rgba(0,255,136,0.08)",
          "glowColor": "#00ff88"
        },
        "id": "bb646ebc-2e1d-46b0-b120-658d4da9f286.GainFlowNode",
        "gainMidiMapping": null
      },
      "measured": {
        "width": 222,
        "height": 104
      },
      "dragging": false,
      "selected": false
    },
    {
      "id": "4f04370f-37fb-4af3-a77c-9df5e0ef0b0a.GainFlowNode",
      "type": "GainFlowNode",
      "position": {
        "x": -266.8573396812856,
        "y": 582.5979113985176
      },
      "data": {
        "label": "GainFlowNode Node",
        "gain": 0.8702035547254969,
        "style": {
          "padding": "10px",
          "border": "1px solid #2a3139",
          "borderRadius": "5px",
          "width": "200px",
          "textAlign": "center",
          "background": "#1f1f1f",
          "color": "#eee",
          "boxShadow": "0 1px 3px rgba(0,0,0,0.45), 0 0 8px 2px rgba(0,255,136,0.08)",
          "glowColor": "#00ff88"
        },
        "id": "4f04370f-37fb-4af3-a77c-9df5e0ef0b0a.GainFlowNode",
        "gainMidiMapping": null
      },
      "measured": {
        "width": 222,
        "height": 104
      },
      "dragging": false,
      "selected": false
    },
    {
      "id": "30246866-1b99-4321-af9a-70bedb0da4fa.GainFlowNode",
      "type": "GainFlowNode",
      "position": {
        "x": -277.01720890426463,
        "y": 35.61564611075636
      },
      "data": {
        "label": "GainFlowNode Node",
        "gain": 1.0165591927572728,
        "style": {
          "padding": "10px",
          "border": "1px solid #2a3139",
          "borderRadius": "5px",
          "width": "200px",
          "textAlign": "center",
          "background": "#1f1f1f",
          "color": "#eee",
          "boxShadow": "0 1px 3px rgba(0,0,0,0.45), 0 0 8px 2px rgba(0,255,136,0.08)",
          "glowColor": "#00ff88"
        },
        "id": "30246866-1b99-4321-af9a-70bedb0da4fa.GainFlowNode",
        "gainMidiMapping": null
      },
      "measured": {
        "width": 222,
        "height": 104
      },
      "dragging": false,
      "selected": false
    },
    {
      "id": "172237da-d576-4532-8ae0-c49a761b3e94.ADSRFlowNode",
      "type": "ADSRFlowNode",
      "position": {
        "x": -602.1766518500813,
        "y": -375.64201195779606
      },
      "data": {
        "label": "ADSRFlowNode Node",
        "attackTime": 0.002,
        "decayTime": 0.2,
        "sustainLevel": 0.104,
        "releaseTime": 0.125,
        "maxTime": 10,
        "style": {
          "padding": "10px",
          "border": "1px solid #2a3139",
          "borderRadius": "5px",
          "width": "200px",
          "textAlign": "center",
          "background": "#1f1f1f",
          "color": "#eee",
          "boxShadow": "0 1px 3px rgba(0,0,0,0.45), 0 0 8px 2px rgba(0,255,136,0.08)",
          "glowColor": "#00ff88"
        },
        "id": "172237da-d576-4532-8ae0-c49a761b3e94.ADSRFlowNode",
        "sustainTime": 0.107,
        "minPercent": 0,
        "maxPercent": 92,
        "lengthSec": 3.5
      },
      "measured": {
        "width": 222,
        "height": 237
      },
      "dragging": false,
      "selected": false
    },
    {
      "id": "6c622cbc-25f4-4c4b-b2e4-a43aa3f83762.InputNode",
      "type": "InputNode",
      "position": {
        "x": -1356.197234549365,
        "y": 325.07071007358536
      },
      "data": {
        "label": "",
        "index": 0,
        "value": "",
        "style": {
          "padding": "5px",
          "border": "1px solid #2a3139",
          "borderRadius": "5px",
          "textAlign": "center",
          "background": "#1f1f1f",
          "color": "#eee",
          "boxShadow": "0 1px 3px rgba(0,0,0,0.45), 0 0 8px 2px rgba(0,255,136,0.08)",
          "glowColor": "#00ff88"
        },
        "id": "6c622cbc-25f4-4c4b-b2e4-a43aa3f83762.InputNode"
      },
      "zIndex": 24,
      "measured": {
        "width": 84,
        "height": 76
      },
      "dragging": false,
      "selected": false
    }
  ],
  "edges": [
    {
      "style": {
        "strokeWidth": 1.5,
        "strokeLinecap": "round"
      },
      "source": "c67a4bf6-7349-4920-8063-09ebe243e4da.ADSRFlowNode",
      "sourceHandle": "output",
      "target": "999a1c09-c271-446e-84fb-a1d92f194b90.OscillatorFlowNode",
      "targetHandle": "frequency",
      "id": "xy-edge__c67a4bf6-7349-4920-8063-09ebe243e4da.ADSRFlowNodeoutput-999a1c09-c271-446e-84fb-a1d92f194b90.OscillatorFlowNodefrequency"
    },
    {
      "style": {
        "strokeWidth": 1.5,
        "strokeLinecap": "round"
      },
      "source": "c67a4bf6-7349-4920-8063-09ebe243e4da.ADSRFlowNode",
      "sourceHandle": "output",
      "target": "cb594352-3a92-4d36-bd89-e8b2c7629607.OscillatorFlowNode",
      "targetHandle": "frequency",
      "id": "xy-edge__c67a4bf6-7349-4920-8063-09ebe243e4da.ADSRFlowNodeoutput-cb594352-3a92-4d36-bd89-e8b2c7629607.OscillatorFlowNodefrequency"
    },
    {
      "style": {
        "strokeWidth": 1.5,
        "strokeLinecap": "round"
      },
      "source": "c67a4bf6-7349-4920-8063-09ebe243e4da.ADSRFlowNode",
      "sourceHandle": "output",
      "target": "5ceb2269-8370-4c80-8898-d3d080be19ea.OscillatorFlowNode",
      "targetHandle": "frequency",
      "id": "xy-edge__c67a4bf6-7349-4920-8063-09ebe243e4da.ADSRFlowNodeoutput-5ceb2269-8370-4c80-8898-d3d080be19ea.OscillatorFlowNodefrequency"
    },
    {
      "style": {
        "strokeWidth": 1.5,
        "strokeLinecap": "round"
      },
      "source": "c67a4bf6-7349-4920-8063-09ebe243e4da.ADSRFlowNode",
      "sourceHandle": "output",
      "target": "055920a6-0628-425f-b970-24a791f57699.OscillatorFlowNode",
      "targetHandle": "frequency",
      "id": "xy-edge__c67a4bf6-7349-4920-8063-09ebe243e4da.ADSRFlowNodeoutput-055920a6-0628-425f-b970-24a791f57699.OscillatorFlowNodefrequency"
    },
    {
      "style": {
        "strokeWidth": 1.5,
        "strokeLinecap": "round"
      },
      "source": "999a1c09-c271-446e-84fb-a1d92f194b90.OscillatorFlowNode",
      "sourceHandle": "output",
      "target": "30246866-1b99-4321-af9a-70bedb0da4fa.GainFlowNode",
      "targetHandle": "main-input",
      "id": "xy-edge__999a1c09-c271-446e-84fb-a1d92f194b90.OscillatorFlowNodeoutput-30246866-1b99-4321-af9a-70bedb0da4fa.GainFlowNodemain-input"
    },
    {
      "style": {
        "strokeWidth": 1.5,
        "strokeLinecap": "round"
      },
      "source": "30246866-1b99-4321-af9a-70bedb0da4fa.GainFlowNode",
      "sourceHandle": "output",
      "target": "b0cf1246-bbd2-4973-934c-6f167c67682e.GainFlowNode",
      "targetHandle": "main-input",
      "id": "xy-edge__30246866-1b99-4321-af9a-70bedb0da4fa.GainFlowNodeoutput-b0cf1246-bbd2-4973-934c-6f167c67682e.GainFlowNodemain-input"
    },
    {
      "style": {
        "strokeWidth": 1.5,
        "strokeLinecap": "round"
      },
      "source": "ff58d8f8-ae4f-49a3-8735-fb14d1fe5a0a.GainFlowNode",
      "sourceHandle": "output",
      "target": "b0cf1246-bbd2-4973-934c-6f167c67682e.GainFlowNode",
      "targetHandle": "main-input",
      "id": "xy-edge__ff58d8f8-ae4f-49a3-8735-fb14d1fe5a0a.GainFlowNodeoutput-b0cf1246-bbd2-4973-934c-6f167c67682e.GainFlowNodemain-input"
    },
    {
      "style": {
        "strokeWidth": 1.5,
        "strokeLinecap": "round"
      },
      "source": "bb646ebc-2e1d-46b0-b120-658d4da9f286.GainFlowNode",
      "sourceHandle": "output",
      "target": "b0cf1246-bbd2-4973-934c-6f167c67682e.GainFlowNode",
      "targetHandle": "main-input",
      "id": "xy-edge__bb646ebc-2e1d-46b0-b120-658d4da9f286.GainFlowNodeoutput-b0cf1246-bbd2-4973-934c-6f167c67682e.GainFlowNodemain-input"
    },
    {
      "style": {
        "strokeWidth": 1.5,
        "strokeLinecap": "round"
      },
      "source": "4f04370f-37fb-4af3-a77c-9df5e0ef0b0a.GainFlowNode",
      "sourceHandle": "output",
      "target": "b0cf1246-bbd2-4973-934c-6f167c67682e.GainFlowNode",
      "targetHandle": "main-input",
      "id": "xy-edge__4f04370f-37fb-4af3-a77c-9df5e0ef0b0a.GainFlowNodeoutput-b0cf1246-bbd2-4973-934c-6f167c67682e.GainFlowNodemain-input"
    },
    {
      "style": {
        "strokeWidth": 1.5,
        "strokeLinecap": "round"
      },
      "source": "b0cf1246-bbd2-4973-934c-6f167c67682e.GainFlowNode",
      "sourceHandle": "output",
      "target": "813414e3-ecbb-4b8f-acd6-4e398318995b.OutputNode",
      "targetHandle": "input",
      "id": "xy-edge__b0cf1246-bbd2-4973-934c-6f167c67682e.GainFlowNodeoutput-813414e3-ecbb-4b8f-acd6-4e398318995b.OutputNodeinput"
    },
    {
      "style": {
        "strokeWidth": 1.5,
        "strokeLinecap": "round"
      },
      "source": "cb594352-3a92-4d36-bd89-e8b2c7629607.OscillatorFlowNode",
      "sourceHandle": "output",
      "target": "ff58d8f8-ae4f-49a3-8735-fb14d1fe5a0a.GainFlowNode",
      "targetHandle": "main-input",
      "id": "xy-edge__cb594352-3a92-4d36-bd89-e8b2c7629607.OscillatorFlowNodeoutput-ff58d8f8-ae4f-49a3-8735-fb14d1fe5a0a.GainFlowNodemain-input"
    },
    {
      "style": {
        "strokeWidth": 1.5,
        "strokeLinecap": "round"
      },
      "source": "5ceb2269-8370-4c80-8898-d3d080be19ea.OscillatorFlowNode",
      "sourceHandle": "output",
      "target": "bb646ebc-2e1d-46b0-b120-658d4da9f286.GainFlowNode",
      "targetHandle": "main-input",
      "id": "xy-edge__5ceb2269-8370-4c80-8898-d3d080be19ea.OscillatorFlowNodeoutput-bb646ebc-2e1d-46b0-b120-658d4da9f286.GainFlowNodemain-input"
    },
    {
      "style": {
        "strokeWidth": 1.5,
        "strokeLinecap": "round"
      },
      "source": "055920a6-0628-425f-b970-24a791f57699.OscillatorFlowNode",
      "sourceHandle": "output",
      "target": "4f04370f-37fb-4af3-a77c-9df5e0ef0b0a.GainFlowNode",
      "targetHandle": "main-input",
      "id": "xy-edge__055920a6-0628-425f-b970-24a791f57699.OscillatorFlowNodeoutput-4f04370f-37fb-4af3-a77c-9df5e0ef0b0a.GainFlowNodemain-input"
    },
    {
      "style": {
        "strokeWidth": 1.5,
        "strokeLinecap": "round"
      },
      "source": "172237da-d576-4532-8ae0-c49a761b3e94.ADSRFlowNode",
      "sourceHandle": "output",
      "target": "b0cf1246-bbd2-4973-934c-6f167c67682e.GainFlowNode",
      "targetHandle": "gain",
      "id": "xy-edge__172237da-d576-4532-8ae0-c49a761b3e94.ADSRFlowNodeoutput-b0cf1246-bbd2-4973-934c-6f167c67682e.GainFlowNodegain"
    },
    {
      "style": {
        "strokeWidth": 1.5,
        "strokeLinecap": "round"
      },
      "source": "6c622cbc-25f4-4c4b-b2e4-a43aa3f83762.InputNode",
      "sourceHandle": "output-0",
      "target": "c67a4bf6-7349-4920-8063-09ebe243e4da.ADSRFlowNode",
      "targetHandle": "main-input",
      "id": "xy-edge__6c622cbc-25f4-4c4b-b2e4-a43aa3f83762.InputNodeoutput-0-c67a4bf6-7349-4920-8063-09ebe243e4da.ADSRFlowNodemain-input"
    },
    {
      "style": {
        "strokeWidth": 1.5,
        "strokeLinecap": "round"
      },
      "source": "6c622cbc-25f4-4c4b-b2e4-a43aa3f83762.InputNode",
      "sourceHandle": "output-0",
      "target": "172237da-d576-4532-8ae0-c49a761b3e94.ADSRFlowNode",
      "targetHandle": "main-input",
      "id": "xy-edge__6c622cbc-25f4-4c4b-b2e4-a43aa3f83762.InputNodeoutput-0-172237da-d576-4532-8ae0-c49a761b3e94.ADSRFlowNodemain-input"
    }
  ],
  "folder_path": "",
  "updated_at": "2025-12-30T16:46:14.296Z"
}