{
  "name": "Multi Orgel",
  "nodes": [
    {
      "id": "4c4b2d42-9874-4da1-bf2b-df8c9da34e69.OscillatorFlowNode",
      "type": "OscillatorFlowNode",
      "position": {
        "x": -113.20570539171021,
        "y": 252.75952931189042
      },
      "data": {
        "label": "Oscillator",
        "frequency": 220,
        "detune": 0,
        "type": "sawtooth",
        "frequencyType": "hz",
        "style": {
          "padding": "10px",
          "border": "1px solid #ddd",
          "borderRadius": "5px",
          "width": "200px",
          "textAlign": "center",
          "background": "#1f1f1f",
          "color": "#eee",
          "glowColor": "#00ff88",
          "boxShadow": "0 1px 3px rgba(0,0,0,0.45), 0 0 8px 2px rgba(0,255,136,0.08)"
        },
        "id": "4c4b2d42-9874-4da1-bf2b-df8c9da34e69.OscillatorFlowNode",
        "knobValue": 27.187339613674638,
        "freqMidiMapping": null,
        "detuneMidiMapping": null
      },
      "measured": {
        "width": 222,
        "height": 233
      },
      "dragging": false,
      "selected": false
    },
    {
      "id": "f0a063ce-fb91-4c26-a414-4dc741234978.ADSRFlowNode",
      "type": "ADSRFlowNode",
      "position": {
        "x": -118.65553088431678,
        "y": 57.45002514835991
      },
      "data": {
        "label": "ADSRFlowNode Node",
        "attackTime": 0.1,
        "decayTime": 0.2,
        "sustainLevel": 0.5,
        "releaseTime": 0.3,
        "maxTime": 10,
        "style": {
          "padding": "10px",
          "border": "1px solid #ddd",
          "borderRadius": "5px",
          "width": "200px",
          "textAlign": "center",
          "background": "#1f1f1f",
          "color": "#eee",
          "glowColor": "#00ff88",
          "boxShadow": "0 1px 3px rgba(0,0,0,0.45), 0 0 8px 2px rgba(0,255,136,0.08)"
        },
        "id": "f0a063ce-fb91-4c26-a414-4dc741234978.ADSRFlowNode",
        "sustainTime": 0.5,
        "minPercent": 0,
        "maxPercent": 100,
        "lengthSec": 0.89
      },
      "measured": {
        "width": 222,
        "height": 237
      },
      "dragging": false,
      "selected": false
    },
    {
      "id": "594e76ed-be1a-4a51-bfc1-97f8b63e10f0.GainFlowNode",
      "type": "GainFlowNode",
      "position": {
        "x": 181.65658708391945,
        "y": 164.16302548645226
      },
      "data": {
        "label": "GainFlowNode Node",
        "gain": 1,
        "style": {
          "padding": "10px",
          "border": "1px solid #ddd",
          "borderRadius": "5px",
          "width": "200px",
          "textAlign": "center",
          "background": "#1f1f1f",
          "color": "#eee",
          "glowColor": "#00ff88",
          "boxShadow": "0 1px 3px rgba(0,0,0,0.45), 0 0 8px 2px rgba(0,255,136,0.08)"
        },
        "id": "594e76ed-be1a-4a51-bfc1-97f8b63e10f0.GainFlowNode",
        "gainMidiMapping": null
      },
      "measured": {
        "width": 222,
        "height": 104
      },
      "dragging": false,
      "selected": false
    },
    {
      "id": "598ee904-0558-4a83-91eb-fd2e880e679a.ADSRFlowNode",
      "type": "ADSRFlowNode",
      "position": {
        "x": -102.10403062822905,
        "y": 463.5862171026124
      },
      "data": {
        "label": "ADSRFlowNode Node",
        "attackTime": 0.1,
        "decayTime": 0.2,
        "sustainLevel": 0.5,
        "releaseTime": 0.3,
        "maxTime": 10,
        "style": {
          "padding": "10px",
          "border": "1px solid #ddd",
          "borderRadius": "5px",
          "width": "200px",
          "textAlign": "center",
          "background": "#1f1f1f",
          "color": "#eee",
          "glowColor": "#00ff88",
          "boxShadow": "0 1px 3px rgba(0,0,0,0.45), 0 0 8px 2px rgba(0,255,136,0.08)"
        },
        "id": "598ee904-0558-4a83-91eb-fd2e880e679a.ADSRFlowNode",
        "sustainTime": 0.5,
        "minPercent": 0,
        "maxPercent": 100,
        "lengthSec": 0.89
      },
      "measured": {
        "width": 222,
        "height": 237
      },
      "dragging": false,
      "selected": false
    },
    {
      "id": "40652ecd-6b56-4fbe-ac15-d285801e2101.OscillatorFlowNode",
      "type": "OscillatorFlowNode",
      "position": {
        "x": -102.9939875880577,
        "y": 633.4570342567563
      },
      "data": {
        "label": "Oscillator",
        "frequency": 195.99771799087463,
        "detune": 0,
        "type": "sawtooth",
        "frequencyType": "hz",
        "style": {
          "padding": "10px",
          "border": "1px solid #ddd",
          "borderRadius": "5px",
          "width": "200px",
          "textAlign": "center",
          "background": "#1f1f1f",
          "color": "#eee",
          "glowColor": "#00ff88",
          "boxShadow": "0 1px 3px rgba(0,0,0,0.45), 0 0 8px 2px rgba(0,255,136,0.08)"
        },
        "id": "40652ecd-6b56-4fbe-ac15-d285801e2101.OscillatorFlowNode",
        "knobValue": 28.859728478474533,
        "freqMidiMapping": null,
        "detuneMidiMapping": null
      },
      "measured": {
        "width": 222,
        "height": 233
      },
      "dragging": false,
      "selected": false
    },
    {
      "id": "43d6642f-610b-47d3-a5cc-d24abaecbbd2.GainFlowNode",
      "type": "GainFlowNode",
      "position": {
        "x": 196.92760156981916,
        "y": 432.5364716110686
      },
      "data": {
        "label": "GainFlowNode Node",
        "gain": 1,
        "style": {
          "padding": "10px",
          "border": "1px solid #ddd",
          "borderRadius": "5px",
          "width": "200px",
          "textAlign": "center",
          "background": "#1f1f1f",
          "color": "#eee",
          "glowColor": "#00ff88",
          "boxShadow": "0 1px 3px rgba(0,0,0,0.45), 0 0 8px 2px rgba(0,255,136,0.08)"
        },
        "id": "43d6642f-610b-47d3-a5cc-d24abaecbbd2.GainFlowNode",
        "gainMidiMapping": null
      },
      "measured": {
        "width": 222,
        "height": 104
      },
      "dragging": false,
      "selected": false
    },
    {
      "id": "96593cd8-fff3-4219-a267-53f4fbc72d2d.BlockingSwitchFlowNode",
      "type": "BlockingSwitchFlowNode",
      "position": {
        "x": -765.0224604740888,
        "y": 753.4982089097707
      },
      "data": {
        "label": "BlockingSwitchFlowNode Node",
        "numOutputs": 5,
        "id": "96593cd8-fff3-4219-a267-53f4fbc72d2d.BlockingSwitchFlowNode",
        "style": {
          "background": "#1f1f1f",
          "border": "1px solid #2a3139",
          "borderRadius": "5px",
          "glowColor": "#00ff88",
          "boxShadow": "0 1px 3px rgba(0,0,0,0.45), 0 0 8px 2px rgba(0,255,136,0.08)",
          "color": "#eeeeee"
        }
      },
      "measured": {
        "width": 130,
        "height": 120
      },
      "dragging": false,
      "selected": false
    },
    {
      "id": "e37fc1b8-8f49-413f-87ad-2f9aa7ac93c0.ADSRFlowNode",
      "type": "ADSRFlowNode",
      "position": {
        "x": -97.18616455094048,
        "y": 1236.1397529936294
      },
      "data": {
        "label": "ADSRFlowNode Node",
        "attackTime": 0.1,
        "decayTime": 0.2,
        "sustainLevel": 0.5,
        "releaseTime": 0.3,
        "maxTime": 10,
        "style": {
          "padding": "10px",
          "border": "1px solid #ddd",
          "borderRadius": "5px",
          "width": "200px",
          "textAlign": "center",
          "background": "#444",
          "color": "#eee",
          "glowColor": "#00ff88",
          "boxShadow": "0 1px 3px rgba(0,0,0,0.45), 0 0 8px 2px rgba(0,255,136,0.08)"
        },
        "id": "e37fc1b8-8f49-413f-87ad-2f9aa7ac93c0.ADSRFlowNode",
        "sustainTime": 0.5,
        "minPercent": 0,
        "maxPercent": 100,
        "lengthSec": 0.89
      },
      "measured": {
        "width": 222,
        "height": 237
      },
      "dragging": false,
      "selected": false
    },
    {
      "id": "7e13cf29-2d26-468e-845b-f760f3923514.ADSRFlowNode",
      "type": "ADSRFlowNode",
      "position": {
        "x": -98.43144536158721,
        "y": 840.4210877457583
      },
      "data": {
        "label": "ADSRFlowNode Node",
        "attackTime": 0.1,
        "decayTime": 0.2,
        "sustainLevel": 0.5,
        "releaseTime": 0.3,
        "maxTime": 10,
        "style": {
          "padding": "10px",
          "border": "1px solid #ddd",
          "borderRadius": "5px",
          "width": "200px",
          "textAlign": "center",
          "background": "#444",
          "color": "#eee",
          "glowColor": "#00ff88",
          "boxShadow": "0 1px 3px rgba(0,0,0,0.45), 0 0 8px 2px rgba(0,255,136,0.08)"
        },
        "id": "7e13cf29-2d26-468e-845b-f760f3923514.ADSRFlowNode",
        "sustainTime": 0.5,
        "minPercent": 0,
        "maxPercent": 100,
        "lengthSec": 0.89
      },
      "measured": {
        "width": 222,
        "height": 237
      },
      "dragging": false,
      "selected": false
    },
    {
      "id": "38abe94d-7741-4637-ad69-6ab7d47dbe39.ADSRFlowNode",
      "type": "ADSRFlowNode",
      "position": {
        "x": -105.47122911322214,
        "y": 1621.6190876282872
      },
      "data": {
        "label": "ADSRFlowNode Node",
        "attackTime": 0.1,
        "decayTime": 0.2,
        "sustainLevel": 0.5,
        "releaseTime": 0.3,
        "maxTime": 10,
        "style": {
          "padding": "10px",
          "border": "1px solid #ddd",
          "borderRadius": "5px",
          "width": "200px",
          "textAlign": "center",
          "background": "#444",
          "color": "#eee",
          "glowColor": "#00ff88",
          "boxShadow": "0 1px 3px rgba(0,0,0,0.45), 0 0 8px 2px rgba(0,255,136,0.08)"
        },
        "id": "38abe94d-7741-4637-ad69-6ab7d47dbe39.ADSRFlowNode",
        "sustainTime": 0.5,
        "minPercent": 0,
        "maxPercent": 100,
        "lengthSec": 0.89
      },
      "measured": {
        "width": 222,
        "height": 237
      },
      "dragging": false,
      "selected": false
    },
    {
      "id": "cf5f4cf3-bda0-4f50-9150-3402529de17b.OscillatorFlowNode",
      "type": "OscillatorFlowNode",
      "position": {
        "x": -100.51850547011273,
        "y": 1789.9637846889295
      },
      "data": {
        "label": "Oscillator",
        "frequency": 151.423,
        "detune": 0,
        "type": "sawtooth",
        "frequencyType": "hz",
        "style": {
          "padding": "10px",
          "border": "1px solid #ddd",
          "borderRadius": "5px",
          "width": "200px",
          "textAlign": "center",
          "background": "#1f1f1f",
          "color": "#eee",
          "glowColor": "#00ff88",
          "boxShadow": "0 1px 3px rgba(0,0,0,0.45), 0 0 8px 2px rgba(0,255,136,0.08)"
        },
        "id": "cf5f4cf3-bda0-4f50-9150-3402529de17b.OscillatorFlowNode",
        "knobValue": 29.305395017777876,
        "freqMidiMapping": null,
        "detuneMidiMapping": null
      },
      "measured": {
        "width": 222,
        "height": 233
      },
      "dragging": false,
      "selected": false
    },
    {
      "id": "c0f98b23-c1af-4131-bd1a-26336988ec17.OscillatorFlowNode",
      "type": "OscillatorFlowNode",
      "position": {
        "x": -143.9578837248343,
        "y": 1010.748897492846
      },
      "data": {
        "label": "Oscillator",
        "frequency": 164.81377845643496,
        "detune": 0,
        "type": "sawtooth",
        "frequencyType": "hz",
        "style": {
          "padding": "10px",
          "border": "1px solid #ddd",
          "borderRadius": "5px",
          "width": "200px",
          "textAlign": "center",
          "background": "#1f1f1f",
          "color": "#eee",
          "glowColor": "#00ff88",
          "boxShadow": "0 1px 3px rgba(0,0,0,0.45), 0 0 8px 2px rgba(0,255,136,0.08)"
        },
        "id": "c0f98b23-c1af-4131-bd1a-26336988ec17.OscillatorFlowNode",
        "knobValue": 30.53211734327443,
        "freqMidiMapping": null,
        "detuneMidiMapping": null
      },
      "measured": {
        "width": 222,
        "height": 233
      },
      "dragging": false,
      "selected": false
    },
    {
      "id": "3f4fe56b-1b61-4425-8e1f-7c79ade8cd97.OscillatorFlowNode",
      "type": "OscillatorFlowNode",
      "position": {
        "x": -94.38524928462053,
        "y": 1402.4818399833248
      },
      "data": {
        "label": "Oscillator",
        "frequency": 349.2282314330039,
        "detune": 0,
        "type": "sawtooth",
        "frequencyType": "hz",
        "style": {
          "padding": "10px",
          "border": "1px solid #ddd",
          "borderRadius": "5px",
          "width": "200px",
          "textAlign": "center",
          "background": "#1f1f1f",
          "color": "#eee",
          "glowColor": "#00ff88",
          "boxShadow": "0 1px 3px rgba(0,0,0,0.45), 0 0 8px 2px rgba(0,255,136,0.08)"
        },
        "id": "3f4fe56b-1b61-4425-8e1f-7c79ade8cd97.OscillatorFlowNode",
        "knobValue": 41.40264496447375,
        "freqMidiMapping": null,
        "detuneMidiMapping": null
      },
      "measured": {
        "width": 222,
        "height": 233
      },
      "dragging": false,
      "selected": false
    },
    {
      "id": "a5438df1-6662-4045-b3a8-7a696a035157.GainFlowNode",
      "type": "GainFlowNode",
      "position": {
        "x": 197.77394364679228,
        "y": 901.4861903861888
      },
      "data": {
        "label": "GainFlowNode Node",
        "gain": 1,
        "style": {
          "padding": "10px",
          "border": "1px solid #ddd",
          "borderRadius": "5px",
          "width": "200px",
          "textAlign": "center",
          "background": "#1f1f1f",
          "color": "#eee",
          "glowColor": "#00ff88",
          "boxShadow": "0 1px 3px rgba(0,0,0,0.45), 0 0 8px 2px rgba(0,255,136,0.08)"
        },
        "id": "a5438df1-6662-4045-b3a8-7a696a035157.GainFlowNode",
        "gainMidiMapping": null
      },
      "measured": {
        "width": 222,
        "height": 104
      },
      "dragging": false,
      "selected": false
    },
    {
      "id": "be9c801d-2379-4a69-bae2-93112c97a6c1.GainFlowNode",
      "type": "GainFlowNode",
      "position": {
        "x": 196.9370507977989,
        "y": 1248.5152236156891
      },
      "data": {
        "label": "GainFlowNode Node",
        "gain": 1,
        "style": {
          "padding": "10px",
          "border": "1px solid #ddd",
          "borderRadius": "5px",
          "width": "200px",
          "textAlign": "center",
          "background": "#1f1f1f",
          "color": "#eee",
          "glowColor": "#00ff88",
          "boxShadow": "0 1px 3px rgba(0,0,0,0.45), 0 0 8px 2px rgba(0,255,136,0.08)"
        },
        "id": "be9c801d-2379-4a69-bae2-93112c97a6c1.GainFlowNode",
        "gainMidiMapping": null
      },
      "measured": {
        "width": 222,
        "height": 104
      },
      "dragging": false,
      "selected": false
    },
    {
      "id": "cdf500b5-42b7-4a28-8b90-74bafe33a667.GainFlowNode",
      "type": "GainFlowNode",
      "position": {
        "x": 207.50310206688556,
        "y": 1614.7734144576625
      },
      "data": {
        "label": "GainFlowNode Node",
        "gain": 1,
        "style": {
          "padding": "10px",
          "border": "1px solid #ddd",
          "borderRadius": "5px",
          "width": "200px",
          "textAlign": "center",
          "background": "#1f1f1f",
          "color": "#eee",
          "glowColor": "#00ff88",
          "boxShadow": "0 1px 3px rgba(0,0,0,0.45), 0 0 8px 2px rgba(0,255,136,0.08)"
        },
        "id": "cdf500b5-42b7-4a28-8b90-74bafe33a667.GainFlowNode",
        "gainMidiMapping": null
      },
      "measured": {
        "width": 222,
        "height": 104
      },
      "dragging": false,
      "selected": false
    },
    {
      "id": "3381ee31-af25-4218-82bd-bc5d5951795a.ButtonFlowNode",
      "type": "ButtonFlowNode",
      "position": {
        "x": -1029.5283815923458,
        "y": 912.2250530129833
      },
      "data": {
        "label": "ButtonFlowNode Node",
        "assignedKey": "8",
        "retriggerFrequency": 1,
        "isRetriggering": false,
        "isPressed": false,
        "retriggerLength": 0.1,
        "id": "3381ee31-af25-4218-82bd-bc5d5951795a.ButtonFlowNode",
        "style": {
          "padding": "10px",
          "border": "1px solid #2a3139",
          "borderRadius": "5px",
          "width": "60px",
          "textAlign": "center",
          "background": "#1f1f1f",
          "color": "#eee",
          "boxShadow": "0 1px 3px rgba(0,0,0,0.45), 0 0 8px 2px rgba(0,255,136,0.08)",
          "glowColor": "#00ff88",
          "height": "60px"
        }
      },
      "measured": {
        "width": 82,
        "height": 82
      },
      "dragging": false,
      "selected": false
    },
    {
      "id": "06134904-92b1-4dda-ad26-fd5563408a8f.MasterOutFlowNode",
      "type": "MasterOutFlowNode",
      "position": {
        "x": 904.2925935212336,
        "y": 1116.2012790763513
      },
      "data": {
        "label": "",
        "style": {
          "padding": "5px",
          "border": "1px solid #2a3139",
          "borderRadius": "5px",
          "textAlign": "center",
          "background": "#1f1f1f",
          "color": "#eee",
          "boxShadow": "0 1px 3px rgba(0,0,0,0.45), 0 0 8px 2px rgba(0,255,136,0.08)",
          "glowColor": "#00ff88"
        },
        "id": "06134904-92b1-4dda-ad26-fd5563408a8f.MasterOutFlowNode"
      },
      "zIndex": 32,
      "measured": {
        "width": 60,
        "height": 63
      },
      "selected": false
    },
    {
      "id": "5eba45eb-c5d7-454b-9b30-cdd38572fe75.FlowNode",
      "type": "FlowNode",
      "position": {
        "x": -1070.6905952462535,
        "y": 685.8930662818278
      },
      "data": {
        "label": "Flow",
        "style": {
          "padding": "5px",
          "border": "1px solid #2a3139",
          "borderRadius": "5px",
          "textAlign": "center",
          "background": "#1f1f1f",
          "color": "#eee",
          "boxShadow": "0 1px 3px rgba(0,0,0,0.45), 0 0 8px 2px rgba(0,255,136,0.08)",
          "glowColor": "#00ff88"
        },
        "db": {
          "db": {},
          "dbName": "FlowSynthDB",
          "storeName": "flows",
          "uuid": "4afc555c-0e77-45e7-be9b-0f8a1b1c7cea"
        },
        "id": "5eba45eb-c5d7-454b-9b30-cdd38572fe75.FlowNode",
        "selectedNode": "keyboard",
        "outputArr": [
          0
        ],
        "inputArr": []
      },
      "zIndex": 33,
      "measured": {
        "width": 142,
        "height": 71
      },
      "dragging": false,
      "selected": false
    }
  ],
  "edges": [
    {
      "source": "f0a063ce-fb91-4c26-a414-4dc741234978.ADSRFlowNode",
      "sourceHandle": "output",
      "target": "594e76ed-be1a-4a51-bfc1-97f8b63e10f0.GainFlowNode",
      "targetHandle": "gain",
      "id": "xy-edge__f0a063ce-fb91-4c26-a414-4dc741234978.ADSRFlowNodeoutput-594e76ed-be1a-4a51-bfc1-97f8b63e10f0.GainFlowNodegain"
    },
    {
      "source": "4c4b2d42-9874-4da1-bf2b-df8c9da34e69.OscillatorFlowNode",
      "sourceHandle": "output",
      "target": "594e76ed-be1a-4a51-bfc1-97f8b63e10f0.GainFlowNode",
      "targetHandle": "main-input",
      "id": "xy-edge__4c4b2d42-9874-4da1-bf2b-df8c9da34e69.OscillatorFlowNodeoutput-594e76ed-be1a-4a51-bfc1-97f8b63e10f0.GainFlowNodemain-input",
      "selected": false
    },
    {
      "source": "598ee904-0558-4a83-91eb-fd2e880e679a.ADSRFlowNode",
      "sourceHandle": "output",
      "target": "43d6642f-610b-47d3-a5cc-d24abaecbbd2.GainFlowNode",
      "targetHandle": "gain",
      "id": "xy-edge__598ee904-0558-4a83-91eb-fd2e880e679a.ADSRFlowNodeoutput-43d6642f-610b-47d3-a5cc-d24abaecbbd2.GainFlowNodegain"
    },
    {
      "source": "40652ecd-6b56-4fbe-ac15-d285801e2101.OscillatorFlowNode",
      "sourceHandle": "output",
      "target": "43d6642f-610b-47d3-a5cc-d24abaecbbd2.GainFlowNode",
      "targetHandle": "main-input",
      "id": "xy-edge__40652ecd-6b56-4fbe-ac15-d285801e2101.OscillatorFlowNodeoutput-43d6642f-610b-47d3-a5cc-d24abaecbbd2.GainFlowNodemain-input"
    },
    {
      "source": "96593cd8-fff3-4219-a267-53f4fbc72d2d.BlockingSwitchFlowNode",
      "sourceHandle": "output-0",
      "target": "f0a063ce-fb91-4c26-a414-4dc741234978.ADSRFlowNode",
      "targetHandle": "main-input",
      "id": "xy-edge__96593cd8-fff3-4219-a267-53f4fbc72d2d.BlockingSwitchFlowNodeoutput-0-f0a063ce-fb91-4c26-a414-4dc741234978.ADSRFlowNodemain-input"
    },
    {
      "source": "96593cd8-fff3-4219-a267-53f4fbc72d2d.BlockingSwitchFlowNode",
      "sourceHandle": "output-0",
      "target": "4c4b2d42-9874-4da1-bf2b-df8c9da34e69.OscillatorFlowNode",
      "targetHandle": "frequency",
      "id": "xy-edge__96593cd8-fff3-4219-a267-53f4fbc72d2d.BlockingSwitchFlowNodeoutput-0-4c4b2d42-9874-4da1-bf2b-df8c9da34e69.OscillatorFlowNodefrequency",
      "selected": false
    },
    {
      "source": "96593cd8-fff3-4219-a267-53f4fbc72d2d.BlockingSwitchFlowNode",
      "sourceHandle": "output-1",
      "target": "598ee904-0558-4a83-91eb-fd2e880e679a.ADSRFlowNode",
      "targetHandle": "main-input",
      "id": "xy-edge__96593cd8-fff3-4219-a267-53f4fbc72d2d.BlockingSwitchFlowNodeoutput-1-598ee904-0558-4a83-91eb-fd2e880e679a.ADSRFlowNodemain-input"
    },
    {
      "source": "96593cd8-fff3-4219-a267-53f4fbc72d2d.BlockingSwitchFlowNode",
      "sourceHandle": "output-1",
      "target": "40652ecd-6b56-4fbe-ac15-d285801e2101.OscillatorFlowNode",
      "targetHandle": "frequency",
      "id": "xy-edge__96593cd8-fff3-4219-a267-53f4fbc72d2d.BlockingSwitchFlowNodeoutput-1-40652ecd-6b56-4fbe-ac15-d285801e2101.OscillatorFlowNodefrequency"
    },
    {
      "source": "96593cd8-fff3-4219-a267-53f4fbc72d2d.BlockingSwitchFlowNode",
      "sourceHandle": "output-2",
      "target": "7e13cf29-2d26-468e-845b-f760f3923514.ADSRFlowNode",
      "targetHandle": "main-input",
      "id": "xy-edge__96593cd8-fff3-4219-a267-53f4fbc72d2d.BlockingSwitchFlowNodeoutput-2-7e13cf29-2d26-468e-845b-f760f3923514.ADSRFlowNodemain-input"
    },
    {
      "source": "96593cd8-fff3-4219-a267-53f4fbc72d2d.BlockingSwitchFlowNode",
      "sourceHandle": "output-2",
      "target": "c0f98b23-c1af-4131-bd1a-26336988ec17.OscillatorFlowNode",
      "targetHandle": "frequency",
      "id": "xy-edge__96593cd8-fff3-4219-a267-53f4fbc72d2d.BlockingSwitchFlowNodeoutput-2-c0f98b23-c1af-4131-bd1a-26336988ec17.OscillatorFlowNodefrequency"
    },
    {
      "source": "c0f98b23-c1af-4131-bd1a-26336988ec17.OscillatorFlowNode",
      "sourceHandle": "output",
      "target": "a5438df1-6662-4045-b3a8-7a696a035157.GainFlowNode",
      "targetHandle": "main-input",
      "id": "xy-edge__c0f98b23-c1af-4131-bd1a-26336988ec17.OscillatorFlowNodeoutput-a5438df1-6662-4045-b3a8-7a696a035157.GainFlowNodemain-input"
    },
    {
      "source": "7e13cf29-2d26-468e-845b-f760f3923514.ADSRFlowNode",
      "sourceHandle": "output",
      "target": "a5438df1-6662-4045-b3a8-7a696a035157.GainFlowNode",
      "targetHandle": "gain",
      "id": "xy-edge__7e13cf29-2d26-468e-845b-f760f3923514.ADSRFlowNodeoutput-a5438df1-6662-4045-b3a8-7a696a035157.GainFlowNodegain"
    },
    {
      "source": "96593cd8-fff3-4219-a267-53f4fbc72d2d.BlockingSwitchFlowNode",
      "sourceHandle": "output-3",
      "target": "e37fc1b8-8f49-413f-87ad-2f9aa7ac93c0.ADSRFlowNode",
      "targetHandle": "main-input",
      "id": "xy-edge__96593cd8-fff3-4219-a267-53f4fbc72d2d.BlockingSwitchFlowNodeoutput-3-e37fc1b8-8f49-413f-87ad-2f9aa7ac93c0.ADSRFlowNodemain-input"
    },
    {
      "source": "e37fc1b8-8f49-413f-87ad-2f9aa7ac93c0.ADSRFlowNode",
      "sourceHandle": "output",
      "target": "be9c801d-2379-4a69-bae2-93112c97a6c1.GainFlowNode",
      "targetHandle": "gain",
      "id": "xy-edge__e37fc1b8-8f49-413f-87ad-2f9aa7ac93c0.ADSRFlowNodeoutput-be9c801d-2379-4a69-bae2-93112c97a6c1.GainFlowNodegain"
    },
    {
      "source": "96593cd8-fff3-4219-a267-53f4fbc72d2d.BlockingSwitchFlowNode",
      "sourceHandle": "output-3",
      "target": "3f4fe56b-1b61-4425-8e1f-7c79ade8cd97.OscillatorFlowNode",
      "targetHandle": "frequency",
      "id": "xy-edge__96593cd8-fff3-4219-a267-53f4fbc72d2d.BlockingSwitchFlowNodeoutput-3-3f4fe56b-1b61-4425-8e1f-7c79ade8cd97.OscillatorFlowNodefrequency"
    },
    {
      "source": "3f4fe56b-1b61-4425-8e1f-7c79ade8cd97.OscillatorFlowNode",
      "sourceHandle": "output",
      "target": "be9c801d-2379-4a69-bae2-93112c97a6c1.GainFlowNode",
      "targetHandle": "main-input",
      "id": "xy-edge__3f4fe56b-1b61-4425-8e1f-7c79ade8cd97.OscillatorFlowNodeoutput-be9c801d-2379-4a69-bae2-93112c97a6c1.GainFlowNodemain-input"
    },
    {
      "source": "96593cd8-fff3-4219-a267-53f4fbc72d2d.BlockingSwitchFlowNode",
      "sourceHandle": "output-4",
      "target": "38abe94d-7741-4637-ad69-6ab7d47dbe39.ADSRFlowNode",
      "targetHandle": "main-input",
      "id": "xy-edge__96593cd8-fff3-4219-a267-53f4fbc72d2d.BlockingSwitchFlowNodeoutput-4-38abe94d-7741-4637-ad69-6ab7d47dbe39.ADSRFlowNodemain-input"
    },
    {
      "source": "38abe94d-7741-4637-ad69-6ab7d47dbe39.ADSRFlowNode",
      "sourceHandle": "output",
      "target": "cdf500b5-42b7-4a28-8b90-74bafe33a667.GainFlowNode",
      "targetHandle": "gain",
      "id": "xy-edge__38abe94d-7741-4637-ad69-6ab7d47dbe39.ADSRFlowNodeoutput-cdf500b5-42b7-4a28-8b90-74bafe33a667.GainFlowNodegain"
    },
    {
      "source": "cf5f4cf3-bda0-4f50-9150-3402529de17b.OscillatorFlowNode",
      "sourceHandle": "output",
      "target": "cdf500b5-42b7-4a28-8b90-74bafe33a667.GainFlowNode",
      "targetHandle": "main-input",
      "id": "xy-edge__cf5f4cf3-bda0-4f50-9150-3402529de17b.OscillatorFlowNodeoutput-cdf500b5-42b7-4a28-8b90-74bafe33a667.GainFlowNodemain-input"
    },
    {
      "source": "96593cd8-fff3-4219-a267-53f4fbc72d2d.BlockingSwitchFlowNode",
      "sourceHandle": "output-4",
      "target": "cf5f4cf3-bda0-4f50-9150-3402529de17b.OscillatorFlowNode",
      "targetHandle": "frequency",
      "id": "xy-edge__96593cd8-fff3-4219-a267-53f4fbc72d2d.BlockingSwitchFlowNodeoutput-4-cf5f4cf3-bda0-4f50-9150-3402529de17b.OscillatorFlowNodefrequency"
    },
    {
      "style": {
        "strokeWidth": 1.5,
        "strokeLinecap": "round"
      },
      "source": "3381ee31-af25-4218-82bd-bc5d5951795a.ButtonFlowNode",
      "sourceHandle": "output",
      "target": "96593cd8-fff3-4219-a267-53f4fbc72d2d.BlockingSwitchFlowNode",
      "targetHandle": "reset-input",
      "id": "xy-edge__3381ee31-af25-4218-82bd-bc5d5951795a.ButtonFlowNodeoutput-96593cd8-fff3-4219-a267-53f4fbc72d2d.BlockingSwitchFlowNodereset-input"
    },
    {
      "style": {
        "strokeWidth": 1.5,
        "strokeLinecap": "round"
      },
      "source": "cdf500b5-42b7-4a28-8b90-74bafe33a667.GainFlowNode",
      "sourceHandle": "output",
      "target": "06134904-92b1-4dda-ad26-fd5563408a8f.MasterOutFlowNode",
      "targetHandle": "destination-input",
      "id": "xy-edge__cdf500b5-42b7-4a28-8b90-74bafe33a667.GainFlowNodeoutput-06134904-92b1-4dda-ad26-fd5563408a8f.MasterOutFlowNodedestination-input"
    },
    {
      "style": {
        "strokeWidth": 1.5,
        "strokeLinecap": "round"
      },
      "source": "be9c801d-2379-4a69-bae2-93112c97a6c1.GainFlowNode",
      "sourceHandle": "output",
      "target": "06134904-92b1-4dda-ad26-fd5563408a8f.MasterOutFlowNode",
      "targetHandle": "destination-input",
      "id": "xy-edge__be9c801d-2379-4a69-bae2-93112c97a6c1.GainFlowNodeoutput-06134904-92b1-4dda-ad26-fd5563408a8f.MasterOutFlowNodedestination-input"
    },
    {
      "style": {
        "strokeWidth": 1.5,
        "strokeLinecap": "round"
      },
      "source": "a5438df1-6662-4045-b3a8-7a696a035157.GainFlowNode",
      "sourceHandle": "output",
      "target": "06134904-92b1-4dda-ad26-fd5563408a8f.MasterOutFlowNode",
      "targetHandle": "destination-input",
      "id": "xy-edge__a5438df1-6662-4045-b3a8-7a696a035157.GainFlowNodeoutput-06134904-92b1-4dda-ad26-fd5563408a8f.MasterOutFlowNodedestination-input"
    },
    {
      "style": {
        "strokeWidth": 1.5,
        "strokeLinecap": "round"
      },
      "source": "43d6642f-610b-47d3-a5cc-d24abaecbbd2.GainFlowNode",
      "sourceHandle": "output",
      "target": "06134904-92b1-4dda-ad26-fd5563408a8f.MasterOutFlowNode",
      "targetHandle": "destination-input",
      "id": "xy-edge__43d6642f-610b-47d3-a5cc-d24abaecbbd2.GainFlowNodeoutput-06134904-92b1-4dda-ad26-fd5563408a8f.MasterOutFlowNodedestination-input"
    },
    {
      "style": {
        "strokeWidth": 1.5,
        "strokeLinecap": "round"
      },
      "source": "594e76ed-be1a-4a51-bfc1-97f8b63e10f0.GainFlowNode",
      "sourceHandle": "output",
      "target": "06134904-92b1-4dda-ad26-fd5563408a8f.MasterOutFlowNode",
      "targetHandle": "destination-input",
      "id": "xy-edge__594e76ed-be1a-4a51-bfc1-97f8b63e10f0.GainFlowNodeoutput-06134904-92b1-4dda-ad26-fd5563408a8f.MasterOutFlowNodedestination-input"
    },
    {
      "style": {
        "strokeWidth": 1.5,
        "strokeLinecap": "round"
      },
      "source": "5eba45eb-c5d7-454b-9b30-cdd38572fe75.FlowNode",
      "sourceHandle": "output-0",
      "target": "96593cd8-fff3-4219-a267-53f4fbc72d2d.BlockingSwitchFlowNode",
      "targetHandle": "input",
      "id": "xy-edge__5eba45eb-c5d7-454b-9b30-cdd38572fe75.FlowNodeoutput-0-96593cd8-fff3-4219-a267-53f4fbc72d2d.BlockingSwitchFlowNodeinput"
    }
  ],
  "folder_path": "",
  "updated_at": "2025-12-11T18:03:47.171Z"
}