{
  "name": "noise",
  "nodes": [
    {
      "id": "847ab990-f4fe-4c1b-98ca-f19f8bae8bc9.NoiseFlowNode",
      "type": "NoiseFlowNode",
      "position": {
        "x": -844.3030253603641,
        "y": -4.472449311467653
      },
      "data": {
        "label": "NoiseFlowNode Node",
        "id": "847ab990-f4fe-4c1b-98ca-f19f8bae8bc9.NoiseFlowNode",
        "style": {
          "padding": "10px",
          "border": "1px solid #2a3139",
          "borderRadius": "5px",
          "width": "200px",
          "textAlign": "center",
          "background": "#1f1f1f",
          "color": "#eee",
          "boxShadow": "0 1px 3px rgba(0,0,0,0.45), 0 0 14px 3px rgba(0,255,136,0.40)",
          "glowColor": "#00ff88"
        },
        "noiseType": "brown",
        "gain": 1,
        "processorCode": "class ExtendAudioWorkletProcessor extends AudioWorkletProcessor {\n  constructor(){\n    super();\n    this._pinkState = new Float32Array(7);\n    this._brown = 0;\n    this._grayLast = 0;\n  }\n  static get parameterDescriptors(){ return [{ name:'gain', defaultValue:1, minValue:0, maxValue:4, automationRate:'a-rate'}]; }\n  process(inputs, outputs, parameters){\n    const out = outputs[0]; if(!out) return true;\n    const gArr = parameters.gain;\n    const gScalar = gArr.length === 1 ? gArr[0] : null;\n    for(let ch=0; ch<out.length; ch++){\n      const buf = out[ch];\n      for(let i=0;i<buf.length;i++){\n        const g = gScalar!==null? gScalar : gArr[i];\n        let sample = 0;\n        switch('brown') {\n          case 'white':\n            sample = (Math.random()*2-1);\n            break;\n          case 'pink': {\n            // Paul Kellet refined pink\n            let ps = this._pinkState;\n            ps[0] = 0.99886 * ps[0] + Math.random() * 0.0555179;\n            ps[1] = 0.99332 * ps[1] + Math.random() * 0.0750759;\n            ps[2] = 0.96900 * ps[2] + Math.random() * 0.1538520;\n            ps[3] = 0.86650 * ps[3] + Math.random() * 0.3104856;\n            ps[4] = 0.55000 * ps[4] + Math.random() * 0.5329522;\n            ps[5] = -0.7616 * ps[5] - Math.random() * 0.0168980;\n            sample = ps[0]+ps[1]+ps[2]+ps[3]+ps[4]+ps[5]+ps[6] + Math.random()*0.5362;\n            ps[6] = Math.random()*0.115926;\n            sample *= 0.11;\n            break; }\n          case 'brown': {\n            this._brown += (Math.random()*2 - 1) * 0.02;\n            if (this._brown < -1) this._brown = -1; else if (this._brown > 1) this._brown = 1;\n            sample = this._brown;\n            break; }\n          case 'blue': { // differentiate white (simple high emphasis)\n            const w1 = (Math.random()*2-1);\n            const w2 = (Math.random()*2-1);\n            sample = (w2 - w1);\n            break; }\n          case 'violet': { // differentiate blue again\n            const w1 = (Math.random()*2-1);\n            const w2 = (Math.random()*2-1);\n            const w3 = (Math.random()*2-1);\n            sample = (w3 - 2*w2 + w1);\n            break; }\n          case 'gray': { // approximate equal-loudness weighted random (very rough)\n            // simple 1st order filter over white\n            const white = (Math.random()*2-1);\n            this._grayLast = 0.97 * this._grayLast + 0.03 * white;\n            sample = this._grayLast;\n            break; }\n        }\n        buf[i] = sample * g * 0.5;\n      }\n    }\n    return true;\n  }\n}"
      },
      "measured": {
        "width": 238,
        "height": 116
      },
      "selected": true,
      "dragging": false
    },
    {
      "id": "849b76f8-eff7-4642-8725-84184a25a096.GainFlowNode",
      "type": "GainFlowNode",
      "position": {
        "x": -512.4376857672872,
        "y": -6.447838237616928
      },
      "data": {
        "label": "GainFlowNode Node",
        "gain": 0.6112031922547327,
        "style": {
          "padding": "10px",
          "border": "1px solid #2a3139",
          "borderRadius": "5px",
          "width": "200px",
          "textAlign": "center",
          "background": "#1f1f1f",
          "color": "#eee",
          "boxShadow": "0 1px 3px rgba(0,0,0,0.45), 0 0 8px 2px rgba(0,255,136,0.08)",
          "glowColor": "#00ff88"
        },
        "id": "849b76f8-eff7-4642-8725-84184a25a096.GainFlowNode",
        "gainMidiMapping": null
      },
      "measured": {
        "width": 222,
        "height": 96
      },
      "selected": false,
      "dragging": false
    },
    {
      "id": "df3bff2b-4e3f-40ce-83ef-80cfad391b4c.AudioContextFlowNode",
      "type": "AudioContextFlowNode",
      "position": {
        "x": -220.08012469719583,
        "y": 24.170690117696722
      },
      "data": {
        "label": "AudioContextFlowNode Node",
        "style": {
          "padding": "10px",
          "border": "1px solid #2a3139",
          "borderRadius": "5px",
          "width": "200px",
          "textAlign": "center",
          "background": "#1f1f1f",
          "color": "#eee",
          "boxShadow": "0 1px 3px rgba(0,0,0,0.45), 0 0 8px 2px rgba(0,255,136,0.08)",
          "glowColor": "#00ff88"
        },
        "id": "df3bff2b-4e3f-40ce-83ef-80cfad391b4c.AudioContextFlowNode"
      },
      "measured": {
        "width": 222,
        "height": 69
      },
      "selected": false,
      "dragging": false
    }
  ],
  "edges": [
    {
      "style": {
        "strokeWidth": 1.5,
        "strokeLinecap": "round"
      },
      "source": "847ab990-f4fe-4c1b-98ca-f19f8bae8bc9.NoiseFlowNode",
      "sourceHandle": "output",
      "target": "849b76f8-eff7-4642-8725-84184a25a096.GainFlowNode",
      "targetHandle": "main-input",
      "id": "xy-edge__847ab990-f4fe-4c1b-98ca-f19f8bae8bc9.NoiseFlowNodeoutput-849b76f8-eff7-4642-8725-84184a25a096.GainFlowNodemain-input"
    },
    {
      "style": {
        "strokeWidth": 1.5,
        "strokeLinecap": "round"
      },
      "source": "849b76f8-eff7-4642-8725-84184a25a096.GainFlowNode",
      "sourceHandle": "output",
      "target": "df3bff2b-4e3f-40ce-83ef-80cfad391b4c.AudioContextFlowNode",
      "targetHandle": "destination-input",
      "id": "xy-edge__849b76f8-eff7-4642-8725-84184a25a096.GainFlowNodeoutput-df3bff2b-4e3f-40ce-83ef-80cfad391b4c.AudioContextFlowNodedestination-input"
    }
  ],
  "folder_path": "",
  "updated_at": "2025-10-12 08:56:45"
}