{
  "name": "OnOffButtonTest",
  "nodes": [
    {
      "id": "9b820636-5a43-4587-ba88-411adec565ad.OscillatorFlowNode",
      "type": "OscillatorFlowNode",
      "position": {
        "x": 622,
        "y": 100.5
      },
      "data": {
        "label": "Oscillator",
        "frequency": "127",
        "detune": 0,
        "type": "sawtooth",
        "frequencyType": "hz",
        "style": {
          "padding": "5px",
          "border": "1px solid #2a3139",
          "borderRadius": "5px",
          "textAlign": "center",
          "background": "#1f1f1f",
          "color": "#eee",
          "boxShadow": "0 1px 3px rgba(0,0,0,0.45), 0 0 8px 2px rgba(0,255,136,0.08)",
          "width": "60px",
          "glowColor": "#00ff88"
        },
        "id": "9b820636-5a43-4587-ba88-411adec565ad.OscillatorFlowNode",
        "knobValue": 27.85635238308085,
        "freqMidiMapping": null,
        "detuneMidiMapping": null
      },
      "zIndex": 2,
      "measured": {
        "width": 72,
        "height": 223
      },
      "dragging": false,
      "selected": false
    },
    {
      "id": "8494fe6a-84d7-490e-80b4-bd32f4d4cd6a.MasterOutFlowNode",
      "type": "MasterOutFlowNode",
      "position": {
        "x": 1060.5,
        "y": 174
      },
      "data": {
        "label": "",
        "style": {
          "padding": "5px",
          "border": "1px solid #2a3139",
          "borderRadius": "5px",
          "textAlign": "center",
          "background": "#1f1f1f",
          "color": "#eee",
          "boxShadow": "0 1px 3px rgba(0,0,0,0.45), 0 0 8px 2px rgba(0,255,136,0.08)",
          "glowColor": "#00ff88"
        },
        "id": "8494fe6a-84d7-490e-80b4-bd32f4d4cd6a.MasterOutFlowNode"
      },
      "zIndex": 3,
      "measured": {
        "width": 60,
        "height": 63
      },
      "dragging": false,
      "selected": false
    },
    {
      "id": "63381738-a7bf-413a-afe4-f5a68849744d.OnOffButtonFlowNode",
      "type": "OnOffButtonFlowNode",
      "position": {
        "x": 837.25,
        "y": 196
      },
      "data": {
        "label": "Gate",
        "isOn": true,
        "style": {
          "padding": "5px",
          "border": "1px solid #2a3139",
          "borderRadius": "5px",
          "textAlign": "center",
          "background": "#1f1f1f",
          "color": "#eee",
          "boxShadow": "0 1px 3px rgba(0,0,0,0.45), 0 0 8px 2px rgba(0,255,136,0.08)",
          "maxHeight": 70,
          "glowColor": "#00ff88"
        },
        "id": "63381738-a7bf-413a-afe4-f5a68849744d.OnOffButtonFlowNode"
      },
      "zIndex": 6,
      "measured": {
        "width": 90,
        "height": 54
      },
      "dragging": false,
      "selected": false
    },
    {
      "id": "1bdb147d-cd2b-4cc0-bc17-a41b3f3d3f0f.ButtonFlowNode",
      "type": "ButtonFlowNode",
      "position": {
        "x": 733.75,
        "y": 89
      },
      "data": {
        "label": "Button",
        "assignedKey": "A",
        "retriggerFrequency": 1,
        "isRetriggering": false,
        "isPressed": false,
        "retriggerLength": 0.1,
        "id": "1bdb147d-cd2b-4cc0-bc17-a41b3f3d3f0f.ButtonFlowNode",
        "style": {
          "padding": "5px",
          "border": "1px solid #2a3139",
          "borderRadius": "5px",
          "textAlign": "center",
          "background": "#1f1f1f",
          "color": "#eee",
          "boxShadow": "0 1px 3px rgba(0,0,0,0.45), 0 0 8px 2px rgba(0,255,136,0.08)",
          "glowColor": "#00ff88",
          "width": "60px",
          "height": "60px"
        }
      },
      "zIndex": 7,
      "measured": {
        "width": 72,
        "height": 72
      },
      "dragging": false,
      "selected": false
    },
    {
      "id": "37a14ee5-8efd-4e08-9b58-f016794d3702.ClockFlowNode",
      "type": "ClockFlowNode",
      "position": {
        "x": -169.815431391965,
        "y": 170.40864524388604
      },
      "data": {
        "label": "",
        "bpm": 60,
        "eventBus": {
          "events": {
            "params.updateParams": [
              null
            ],
            "63381738-a7bf-413a-afe4-f5a68849744d.OnOffButtonFlowNode.params.updateParams": [
              null,
              null,
              null,
              null,
              null,
              null,
              null,
              null,
              null,
              null,
              null,
              null,
              null,
              null,
              null,
              null,
              null,
              null,
              null,
              null,
              null,
              null,
              null,
              null,
              null,
              null,
              null,
              null
            ],
            "63381738-a7bf-413a-afe4-f5a68849744d.OnOffButtonFlowNode.toggle-inputGUI.receiveNodeOn": [
              null,
              null,
              null,
              null,
              null,
              null,
              null,
              null,
              null,
              null,
              null,
              null,
              null,
              null
            ],
            "63381738-a7bf-413a-afe4-f5a68849744d.OnOffButtonFlowNode.toggle-input.receiveNodeOn": [
              null,
              null,
              null,
              null,
              null,
              null,
              null,
              null,
              null,
              null,
              null,
              null,
              null,
              null
            ],
            "63381738-a7bf-413a-afe4-f5a68849744d.OnOffButtonFlowNode.main-input.receiveNodeOn": [
              null,
              null,
              null,
              null,
              null,
              null,
              null,
              null,
              null,
              null,
              null,
              null,
              null,
              null
            ],
            "63381738-a7bf-413a-afe4-f5a68849744d.OnOffButtonFlowNode.main-input.receiveNodeOff": [
              null,
              null,
              null,
              null,
              null,
              null,
              null,
              null,
              null,
              null,
              null,
              null,
              null,
              null
            ],
            "63381738-a7bf-413a-afe4-f5a68849744d.OnOffButtonFlowNode.manual.triggerOn": [
              null,
              null,
              null,
              null,
              null,
              null,
              null,
              null,
              null,
              null,
              null,
              null,
              null,
              null
            ],
            "63381738-a7bf-413a-afe4-f5a68849744d.OnOffButtonFlowNode.manual.triggerOff": [
              null,
              null,
              null,
              null,
              null,
              null,
              null,
              null,
              null,
              null,
              null,
              null,
              null,
              null
            ],
            "63381738-a7bf-413a-afe4-f5a68849744d.OnOffButtonFlowNode.main-input.sendNodeOn": [
              null,
              null,
              null,
              null,
              null,
              null,
              null,
              null,
              null,
              null,
              null,
              null,
              null,
              null
            ],
            "63381738-a7bf-413a-afe4-f5a68849744d.OnOffButtonFlowNode.main-input.sendNodeOff": [
              null,
              null,
              null,
              null,
              null,
              null,
              null,
              null,
              null,
              null,
              null,
              null,
              null,
              null
            ],
            "1bdb147d-cd2b-4cc0-bc17-a41b3f3d3f0f.ButtonFlowNode.updateParams.midiLearn": [
              null,
              null,
              null,
              null,
              null,
              null,
              null,
              null,
              null,
              null,
              null,
              null,
              null,
              null
            ],
            "1bdb147d-cd2b-4cc0-bc17-a41b3f3d3f0f.ButtonFlowNode.main-input.sendNodeOn": [
              null,
              null,
              null,
              null,
              null,
              null,
              null,
              null,
              null,
              null,
              null,
              null,
              null,
              null
            ],
            "1bdb147d-cd2b-4cc0-bc17-a41b3f3d3f0f.ButtonFlowNode.main-input.sendNodeOff": [
              null,
              null,
              null,
              null,
              null,
              null,
              null,
              null,
              null,
              null,
              null,
              null,
              null,
              null
            ],
            "37a14ee5-8efd-4e08-9b58-f016794d3702.ClockFlowNode.params.updateParams": [
              null,
              null,
              null,
              null,
              null,
              null,
              null,
              null,
              null,
              null,
              null,
              null,
              null,
              null,
              null,
              null,
              null,
              null,
              null,
              null,
              null,
              null,
              null,
              null
            ],
            "edf7fe27-30c9-41f7-80e2-d11db2ce7487.ButtonFlowNode.updateParams.midiLearn": [
              null,
              null,
              null,
              null,
              null,
              null,
              null,
              null,
              null,
              null,
              null
            ],
            "edf7fe27-30c9-41f7-80e2-d11db2ce7487.ButtonFlowNode.main-input.sendNodeOn": [
              null,
              null,
              null,
              null,
              null,
              null,
              null,
              null,
              null,
              null,
              null
            ],
            "edf7fe27-30c9-41f7-80e2-d11db2ce7487.ButtonFlowNode.main-input.sendNodeOff": [
              null,
              null,
              null,
              null,
              null,
              null,
              null,
              null,
              null,
              null,
              null
            ],
            "92356236-1497-45b4-97d9-c28b39c8458a.GainFlowNode.params.updateParams": [
              null,
              null,
              null,
              null,
              null,
              null,
              null,
              null,
              null
            ],
            "61fddcbd-b99c-483d-a9ee-2f4e70531558.ADSRFlowNode.params.updateParams": [
              null,
              null,
              null,
              null,
              null,
              null,
              null,
              null,
              null,
              null,
              null,
              null,
              null,
              null,
              null,
              null
            ],
            "61fddcbd-b99c-483d-a9ee-2f4e70531558.ADSRFlowNode.main-input.receiveNodeOn": [
              null,
              null,
              null,
              null,
              null,
              null,
              null,
              null
            ],
            "61fddcbd-b99c-483d-a9ee-2f4e70531558.ADSRFlowNode.main-input.receiveNodeOff": [
              null,
              null,
              null,
              null,
              null,
              null,
              null,
              null
            ],
            "61fddcbd-b99c-483d-a9ee-2f4e70531558.ADSRFlowNode.attack-input.receiveNodeOn": [
              null,
              null,
              null,
              null,
              null,
              null,
              null,
              null
            ],
            "61fddcbd-b99c-483d-a9ee-2f4e70531558.ADSRFlowNode.sustainTime-input.receiveNodeOn": [
              null,
              null,
              null,
              null,
              null,
              null,
              null,
              null
            ],
            "61fddcbd-b99c-483d-a9ee-2f4e70531558.ADSRFlowNode.sustainLevel-input.receiveNodeOn": [
              null,
              null,
              null,
              null,
              null,
              null,
              null,
              null
            ],
            "61fddcbd-b99c-483d-a9ee-2f4e70531558.ADSRFlowNode.release-input.receiveNodeOn": [
              null,
              null,
              null,
              null,
              null,
              null,
              null,
              null
            ],
            "61fddcbd-b99c-483d-a9ee-2f4e70531558.ADSRFlowNode.minPercent-input.receiveNodeOn": [
              null,
              null,
              null,
              null,
              null,
              null,
              null,
              null
            ],
            "61fddcbd-b99c-483d-a9ee-2f4e70531558.ADSRFlowNode.maxPercent-input.receiveNodeOn": [
              null,
              null,
              null,
              null,
              null,
              null,
              null,
              null
            ],
            "9b820636-5a43-4587-ba88-411adec565ad.OscillatorFlowNode.params.updateParams": [
              null
            ],
            "9b820636-5a43-4587-ba88-411adec565ad.OscillatorFlowNode.main-input.receiveNodeOn": [
              null
            ],
            "9b820636-5a43-4587-ba88-411adec565ad.OscillatorFlowNode.main-input.receiveNodeOff": [
              null
            ],
            "1bdb147d-cd2b-4cc0-bc17-a41b3f3d3f0f.ButtonFlowNode.updateParams.params": [
              null
            ],
            "1bdb147d-cd2b-4cc0-bc17-a41b3f3d3f0f.ButtonFlowNode.params.updateParams": [
              null
            ],
            "37a14ee5-8efd-4e08-9b58-f016794d3702.ClockFlowNode.main-input.receiveNodeOn": [
              null
            ],
            "37a14ee5-8efd-4e08-9b58-f016794d3702.ClockFlowNode.main-input.sendNodeOn": [
              null
            ],
            "37a14ee5-8efd-4e08-9b58-f016794d3702.ClockFlowNode.main-input.sendNodeOff": [
              null
            ],
            "edf7fe27-30c9-41f7-80e2-d11db2ce7487.ButtonFlowNode.updateParams.params": [
              null
            ],
            "edf7fe27-30c9-41f7-80e2-d11db2ce7487.ButtonFlowNode.params.updateParams": [
              null
            ],
            "1bdb147d-cd2b-4cc0-bc17-a41b3f3d3f0f.ButtonFlowNode.style.background": [
              null
            ],
            "edf7fe27-30c9-41f7-80e2-d11db2ce7487.ButtonFlowNode.style.background": [
              null
            ]
          },
          "id": "1e96a662-fa7d-46b5-9163-9d76f9b3f360"
        },
        "style": {
          "padding": "5px",
          "border": "1px solid #2a3139",
          "borderRadius": "5px",
          "textAlign": "center",
          "background": "#1f1f1f",
          "color": "#eee",
          "boxShadow": "0 1px 3px rgba(0,0,0,0.45), 0 0 8px 2px rgba(0,255,136,0.08)",
          "glowColor": "#00ff88"
        },
        "id": "37a14ee5-8efd-4e08-9b58-f016794d3702.ClockFlowNode",
        "sendOff": true,
        "sendOffBeforeNextOn": false,
        "isEmitting": true
      },
      "zIndex": 8,
      "measured": {
        "width": 126,
        "height": 78
      },
      "dragging": false,
      "selected": false
    },
    {
      "id": "edf7fe27-30c9-41f7-80e2-d11db2ce7487.ButtonFlowNode",
      "type": "ButtonFlowNode",
      "position": {
        "x": -340.0601641201375,
        "y": 176.2248790598125
      },
      "data": {
        "label": "Button",
        "assignedKey": "S",
        "retriggerFrequency": 1,
        "isRetriggering": false,
        "isPressed": false,
        "retriggerLength": 0.1,
        "id": "edf7fe27-30c9-41f7-80e2-d11db2ce7487.ButtonFlowNode",
        "style": {
          "padding": "5px",
          "border": "1px solid #2a3139",
          "borderRadius": "5px",
          "textAlign": "center",
          "background": "#1f1f1f",
          "color": "#eee",
          "boxShadow": "0 1px 3px rgba(0,0,0,0.45), 0 0 8px 2px rgba(0,255,136,0.08)",
          "glowColor": "#00ff88",
          "width": "60px",
          "height": "60px"
        }
      },
      "zIndex": 9,
      "measured": {
        "width": 72,
        "height": 72
      },
      "dragging": false,
      "selected": false
    },
    {
      "id": "92356236-1497-45b4-97d9-c28b39c8458a.GainFlowNode",
      "type": "GainFlowNode",
      "position": {
        "x": 361.6279137256427,
        "y": 215.38708498984766
      },
      "data": {
        "label": "",
        "gain": 1.0078310991889854,
        "style": {
          "padding": "5px",
          "border": "1px solid #2a3139",
          "borderRadius": "5px",
          "textAlign": "center",
          "background": "#1f1f1f",
          "color": "#eee",
          "boxShadow": "0 1px 3px rgba(0,0,0,0.45), 0 0 8px 2px rgba(0,255,136,0.08)",
          "glowColor": "#00ff88"
        },
        "id": "92356236-1497-45b4-97d9-c28b39c8458a.GainFlowNode",
        "gainMidiMapping": null
      },
      "zIndex": 10,
      "measured": {
        "width": 75,
        "height": 94
      },
      "dragging": false,
      "selected": false
    },
    {
      "id": "61fddcbd-b99c-483d-a9ee-2f4e70531558.ADSRFlowNode",
      "type": "ADSRFlowNode",
      "position": {
        "x": 86.19641361529006,
        "y": -107.60955580983249
      },
      "data": {
        "label": "ADSR",
        "attackTime": 0.034,
        "decayTime": 0.2,
        "sustainLevel": 0.502,
        "releaseTime": 0.312,
        "maxTime": 10,
        "style": {
          "padding": "5px",
          "border": "1px solid #2a3139",
          "borderRadius": "5px",
          "textAlign": "center",
          "background": "#1f1f1f",
          "color": "#eee",
          "boxShadow": "0 1px 3px rgba(0,0,0,0.45), 0 0 8px 2px rgba(0,255,136,0.08)",
          "glowColor": "#00ff88"
        },
        "id": "61fddcbd-b99c-483d-a9ee-2f4e70531558.ADSRFlowNode",
        "sustainTime": 0.5,
        "minPercent": 0,
        "maxPercent": 100,
        "lengthSec": 0.5
      },
      "zIndex": 11,
      "measured": {
        "width": 212,
        "height": 227
      },
      "dragging": false,
      "selected": false
    },
    {
      "id": "7906a44a-f72f-44b4-ac7a-7f9e65c990a7.FrequencyFlowNode",
      "type": "FrequencyFlowNode",
      "position": {
        "x": 132.4590937994993,
        "y": 193.2051403035285
      },
      "data": {
        "label": "",
        "value": 105.205,
        "frequency": 105.205,
        "type": "sine",
        "frequencyType": "hz",
        "style": {
          "padding": "5px",
          "border": "1px solid #2a3139",
          "borderRadius": "5px",
          "textAlign": "center",
          "background": "#1f1f1f",
          "color": "#eee",
          "boxShadow": "0 1px 3px rgba(0,0,0,0.45), 0 0 8px 2px rgba(0,255,136,0.08)",
          "glowColor": "#00ff88"
        },
        "id": "7906a44a-f72f-44b4-ac7a-7f9e65c990a7.FrequencyFlowNode",
        "knobValue": 24.033546167864724
      },
      "zIndex": 12,
      "measured": {
        "width": 82,
        "height": 112
      },
      "dragging": false,
      "selected": false
    },
    {
      "id": "c4fee4a5-fbf3-4dca-92ea-ba16666c592c.ButtonFlowNode",
      "type": "ButtonFlowNode",
      "position": {
        "x": -20.319024672268803,
        "y": 223.43630065519477
      },
      "data": {
        "label": "Button",
        "assignedKey": "D",
        "retriggerFrequency": 1,
        "isRetriggering": false,
        "isPressed": false,
        "retriggerLength": 0.1,
        "id": "c4fee4a5-fbf3-4dca-92ea-ba16666c592c.ButtonFlowNode",
        "style": {
          "padding": "5px",
          "border": "1px solid #2a3139",
          "borderRadius": "5px",
          "textAlign": "center",
          "background": "#1f1f1f",
          "color": "#eee",
          "boxShadow": "0 1px 3px rgba(0,0,0,0.45), 0 0 8px 2px rgba(0,255,136,0.08)",
          "glowColor": "#00ff88",
          "width": "60px",
          "height": "60px"
        }
      },
      "zIndex": 13,
      "measured": {
        "width": 72,
        "height": 72
      },
      "dragging": false,
      "selected": false
    },
    {
      "id": "4bc2f9ab-3b74-4a62-a154-d087bee77b09.ButtonFlowNode",
      "type": "ButtonFlowNode",
      "position": {
        "x": 352.76600205829055,
        "y": 6.154328261278614
      },
      "data": {
        "label": "Button",
        "assignedKey": "F",
        "retriggerFrequency": 1,
        "isRetriggering": false,
        "isPressed": false,
        "retriggerLength": 0.1,
        "id": "4bc2f9ab-3b74-4a62-a154-d087bee77b09.ButtonFlowNode",
        "style": {
          "padding": "5px",
          "border": "1px solid #2a3139",
          "borderRadius": "5px",
          "textAlign": "center",
          "background": "#1f1f1f",
          "color": "#eee",
          "boxShadow": "0 1px 3px rgba(0,0,0,0.45), 0 0 8px 2px rgba(0,255,136,0.08)",
          "glowColor": "#00ff88",
          "width": "60px",
          "height": "60px"
        }
      },
      "zIndex": 15,
      "measured": {
        "width": 72,
        "height": 72
      },
      "dragging": false,
      "selected": false
    },
    {
      "id": "85e7045f-ead9-4650-a95a-ebb489725637.SwitchFlowNode",
      "type": "SwitchFlowNode",
      "position": {
        "x": 507.13515186443817,
        "y": -156.68892636444718
      },
      "data": {
        "label": "",
        "numOutputs": 3,
        "activeOutput": 1,
        "id": "85e7045f-ead9-4650-a95a-ebb489725637.SwitchFlowNode",
        "style": {
          "padding": "5px",
          "border": "1px solid #2a3139",
          "borderRadius": "5px",
          "textAlign": "center",
          "background": "#1f1f1f",
          "color": "#eee",
          "boxShadow": "0 1px 3px rgba(0,0,0,0.45), 0 0 8px 2px rgba(0,255,136,0.08)",
          "glowColor": "#00ff88"
        }
      },
      "zIndex": 16,
      "measured": {
        "width": 82,
        "height": 110
      },
      "dragging": false,
      "selected": false
    },
    {
      "id": "a0a99634-7129-4222-b4cf-d36511e19270.ConstantFlowNode",
      "type": "ConstantFlowNode",
      "position": {
        "x": 685.7282245098183,
        "y": -53.30514229023693
      },
      "data": {
        "label": "",
        "value": "173",
        "style": {
          "padding": "5px",
          "border": "1px solid #2a3139",
          "borderRadius": "5px",
          "textAlign": "center",
          "background": "#1f1f1f",
          "color": "#eee",
          "boxShadow": "0 1px 3px rgba(0,0,0,0.45), 0 0 8px 2px rgba(0,255,136,0.08)",
          "glowColor": "#00ff88"
        },
        "id": "a0a99634-7129-4222-b4cf-d36511e19270.ConstantFlowNode"
      },
      "zIndex": 17,
      "measured": {
        "width": 82,
        "height": 27
      },
      "dragging": false,
      "selected": false
    },
    {
      "id": "106a8d64-d43b-4726-8c52-730383a58abe.ConstantFlowNode",
      "type": "ConstantFlowNode",
      "position": {
        "x": 690.7094374389101,
        "y": -103.11727158115468
      },
      "data": {
        "label": "",
        "value": "127",
        "style": {
          "padding": "5px",
          "border": "1px solid #2a3139",
          "borderRadius": "5px",
          "textAlign": "center",
          "background": "#1f1f1f",
          "color": "#eee",
          "boxShadow": "0 1px 3px rgba(0,0,0,0.45), 0 0 8px 2px rgba(0,255,136,0.08)",
          "glowColor": "#00ff88"
        },
        "id": "106a8d64-d43b-4726-8c52-730383a58abe.ConstantFlowNode"
      },
      "zIndex": 18,
      "measured": {
        "width": 82,
        "height": 27
      },
      "dragging": false,
      "selected": false
    },
    {
      "id": "2323ef38-a0d5-45c8-98b1-e501e85d83e8.ConstantFlowNode",
      "type": "ConstantFlowNode",
      "position": {
        "x": 690.7094374389101,
        "y": -148.94443052879905
      },
      "data": {
        "label": "",
        "value": "76",
        "style": {
          "padding": "5px",
          "border": "1px solid #2a3139",
          "borderRadius": "5px",
          "textAlign": "center",
          "background": "#1f1f1f",
          "color": "#eee",
          "boxShadow": "0 1px 3px rgba(0,0,0,0.45), 0 0 8px 2px rgba(0,255,136,0.08)",
          "glowColor": "#00ff88"
        },
        "id": "2323ef38-a0d5-45c8-98b1-e501e85d83e8.ConstantFlowNode"
      },
      "zIndex": 19,
      "measured": {
        "width": 82,
        "height": 27
      },
      "dragging": false,
      "selected": false
    }
  ],
  "edges": [
    {
      "style": {
        "strokeWidth": 1.5,
        "strokeLinecap": "round"
      },
      "source": "63381738-a7bf-413a-afe4-f5a68849744d.OnOffButtonFlowNode",
      "sourceHandle": "output",
      "target": "8494fe6a-84d7-490e-80b4-bd32f4d4cd6a.MasterOutFlowNode",
      "targetHandle": "destination-input",
      "id": "xy-edge__63381738-a7bf-413a-afe4-f5a68849744d.OnOffButtonFlowNodeoutput-8494fe6a-84d7-490e-80b4-bd32f4d4cd6a.MasterOutFlowNodedestination-input"
    },
    {
      "style": {
        "strokeWidth": 1.5,
        "strokeLinecap": "round"
      },
      "source": "1bdb147d-cd2b-4cc0-bc17-a41b3f3d3f0f.ButtonFlowNode",
      "sourceHandle": "output",
      "target": "63381738-a7bf-413a-afe4-f5a68849744d.OnOffButtonFlowNode",
      "targetHandle": "toggle-input",
      "id": "xy-edge__1bdb147d-cd2b-4cc0-bc17-a41b3f3d3f0f.ButtonFlowNodeoutput-63381738-a7bf-413a-afe4-f5a68849744d.OnOffButtonFlowNodetoggle-input"
    },
    {
      "style": {
        "strokeWidth": 1.5,
        "strokeLinecap": "round"
      },
      "source": "edf7fe27-30c9-41f7-80e2-d11db2ce7487.ButtonFlowNode",
      "sourceHandle": "output",
      "target": "37a14ee5-8efd-4e08-9b58-f016794d3702.ClockFlowNode",
      "targetHandle": "main-input",
      "id": "xy-edge__edf7fe27-30c9-41f7-80e2-d11db2ce7487.ButtonFlowNodeoutput-37a14ee5-8efd-4e08-9b58-f016794d3702.ClockFlowNodemain-input",
      "selected": false
    },
    {
      "style": {
        "strokeWidth": 1.5,
        "strokeLinecap": "round"
      },
      "source": "61fddcbd-b99c-483d-a9ee-2f4e70531558.ADSRFlowNode",
      "sourceHandle": "output",
      "target": "92356236-1497-45b4-97d9-c28b39c8458a.GainFlowNode",
      "targetHandle": "gain",
      "id": "xy-edge__61fddcbd-b99c-483d-a9ee-2f4e70531558.ADSRFlowNodeoutput-92356236-1497-45b4-97d9-c28b39c8458a.GainFlowNodegain"
    },
    {
      "style": {
        "strokeWidth": 1.5,
        "strokeLinecap": "round"
      },
      "source": "9b820636-5a43-4587-ba88-411adec565ad.OscillatorFlowNode",
      "sourceHandle": "output",
      "target": "92356236-1497-45b4-97d9-c28b39c8458a.GainFlowNode",
      "targetHandle": "main-input",
      "id": "xy-edge__9b820636-5a43-4587-ba88-411adec565ad.OscillatorFlowNodeoutput-92356236-1497-45b4-97d9-c28b39c8458a.GainFlowNodemain-input"
    },
    {
      "style": {
        "strokeWidth": 1.5,
        "strokeLinecap": "round"
      },
      "source": "92356236-1497-45b4-97d9-c28b39c8458a.GainFlowNode",
      "sourceHandle": "output",
      "target": "63381738-a7bf-413a-afe4-f5a68849744d.OnOffButtonFlowNode",
      "targetHandle": "main-input",
      "id": "xy-edge__92356236-1497-45b4-97d9-c28b39c8458a.GainFlowNodeoutput-63381738-a7bf-413a-afe4-f5a68849744d.OnOffButtonFlowNodemain-input"
    },
    {
      "style": {
        "strokeWidth": 1.5,
        "strokeLinecap": "round"
      },
      "source": "7906a44a-f72f-44b4-ac7a-7f9e65c990a7.FrequencyFlowNode",
      "sourceHandle": "output",
      "target": "9b820636-5a43-4587-ba88-411adec565ad.OscillatorFlowNode",
      "targetHandle": "frequency",
      "id": "xy-edge__7906a44a-f72f-44b4-ac7a-7f9e65c990a7.FrequencyFlowNodeoutput-9b820636-5a43-4587-ba88-411adec565ad.OscillatorFlowNodefrequency"
    },
    {
      "style": {
        "strokeWidth": 1.5,
        "strokeLinecap": "round"
      },
      "source": "c4fee4a5-fbf3-4dca-92ea-ba16666c592c.ButtonFlowNode",
      "sourceHandle": "output",
      "target": "7906a44a-f72f-44b4-ac7a-7f9e65c990a7.FrequencyFlowNode",
      "targetHandle": "main-input",
      "id": "xy-edge__c4fee4a5-fbf3-4dca-92ea-ba16666c592c.ButtonFlowNodeoutput-7906a44a-f72f-44b4-ac7a-7f9e65c990a7.FrequencyFlowNodemain-input"
    },
    {
      "style": {
        "strokeWidth": 1.5,
        "strokeLinecap": "round"
      },
      "source": "85e7045f-ead9-4650-a95a-ebb489725637.SwitchFlowNode",
      "sourceHandle": "output-0",
      "target": "2323ef38-a0d5-45c8-98b1-e501e85d83e8.ConstantFlowNode",
      "targetHandle": "main-input",
      "id": "xy-edge__85e7045f-ead9-4650-a95a-ebb489725637.SwitchFlowNodeoutput-0-2323ef38-a0d5-45c8-98b1-e501e85d83e8.ConstantFlowNodemain-input"
    },
    {
      "style": {
        "strokeWidth": 1.5,
        "strokeLinecap": "round"
      },
      "source": "85e7045f-ead9-4650-a95a-ebb489725637.SwitchFlowNode",
      "sourceHandle": "output-1",
      "target": "106a8d64-d43b-4726-8c52-730383a58abe.ConstantFlowNode",
      "targetHandle": "main-input",
      "id": "xy-edge__85e7045f-ead9-4650-a95a-ebb489725637.SwitchFlowNodeoutput-1-106a8d64-d43b-4726-8c52-730383a58abe.ConstantFlowNodemain-input"
    },
    {
      "style": {
        "strokeWidth": 1.5,
        "strokeLinecap": "round"
      },
      "source": "85e7045f-ead9-4650-a95a-ebb489725637.SwitchFlowNode",
      "sourceHandle": "output-2",
      "target": "a0a99634-7129-4222-b4cf-d36511e19270.ConstantFlowNode",
      "targetHandle": "main-input",
      "id": "xy-edge__85e7045f-ead9-4650-a95a-ebb489725637.SwitchFlowNodeoutput-2-a0a99634-7129-4222-b4cf-d36511e19270.ConstantFlowNodemain-input"
    },
    {
      "style": {
        "strokeWidth": 1.5,
        "strokeLinecap": "round"
      },
      "source": "2323ef38-a0d5-45c8-98b1-e501e85d83e8.ConstantFlowNode",
      "sourceHandle": "output",
      "target": "9b820636-5a43-4587-ba88-411adec565ad.OscillatorFlowNode",
      "targetHandle": "frequency",
      "id": "xy-edge__2323ef38-a0d5-45c8-98b1-e501e85d83e8.ConstantFlowNodeoutput-9b820636-5a43-4587-ba88-411adec565ad.OscillatorFlowNodefrequency"
    },
    {
      "style": {
        "strokeWidth": 1.5,
        "strokeLinecap": "round"
      },
      "source": "106a8d64-d43b-4726-8c52-730383a58abe.ConstantFlowNode",
      "sourceHandle": "output",
      "target": "9b820636-5a43-4587-ba88-411adec565ad.OscillatorFlowNode",
      "targetHandle": "frequency",
      "id": "xy-edge__106a8d64-d43b-4726-8c52-730383a58abe.ConstantFlowNodeoutput-9b820636-5a43-4587-ba88-411adec565ad.OscillatorFlowNodefrequency"
    },
    {
      "style": {
        "strokeWidth": 1.5,
        "strokeLinecap": "round"
      },
      "source": "a0a99634-7129-4222-b4cf-d36511e19270.ConstantFlowNode",
      "sourceHandle": "output",
      "target": "9b820636-5a43-4587-ba88-411adec565ad.OscillatorFlowNode",
      "targetHandle": "frequency",
      "id": "xy-edge__a0a99634-7129-4222-b4cf-d36511e19270.ConstantFlowNodeoutput-9b820636-5a43-4587-ba88-411adec565ad.OscillatorFlowNodefrequency"
    },
    {
      "style": {
        "strokeWidth": 1.5,
        "strokeLinecap": "round"
      },
      "source": "4bc2f9ab-3b74-4a62-a154-d087bee77b09.ButtonFlowNode",
      "sourceHandle": "output",
      "target": "85e7045f-ead9-4650-a95a-ebb489725637.SwitchFlowNode",
      "targetHandle": "reset-input",
      "id": "xy-edge__4bc2f9ab-3b74-4a62-a154-d087bee77b09.ButtonFlowNodeoutput-85e7045f-ead9-4650-a95a-ebb489725637.SwitchFlowNodereset-input"
    }
  ],
  "folder_path": "",
  "updated_at": "2025-12-10T20:02:55.303Z"
}