{
  "name": "piano",
  "nodes": [
    {
      "id": "0c829ab5-90fb-42c0-ae0a-aef78c31e75b.FlowNode",
      "type": "FlowNode",
      "position": {
        "x": -874.5618833651474,
        "y": 1063.64686467702
      },
      "data": {
        "label": "Flow",
        "style": {
          "padding": "5px",
          "border": "1px solid #2a3139",
          "borderRadius": "5px",
          "textAlign": "center",
          "background": "#1f1f1f",
          "color": "#eee",
          "boxShadow": "0 1px 3px rgba(0,0,0,0.45), 0 0 8px 2px rgba(0,255,136,0.08)",
          "glowColor": "#00ff88"
        },
        "db": {
          "db": {},
          "dbName": "FlowSynthDB",
          "storeName": "flows",
          "uuid": "4a19091d-8043-4310-b234-9ba4316560f8"
        },
        "id": "0c829ab5-90fb-42c0-ae0a-aef78c31e75b.FlowNode",
        "selectedNode": "keyboard",
        "outputArr": [
          0
        ],
        "inputArr": []
      },
      "zIndex": 102,
      "measured": {
        "width": 142,
        "height": 71
      },
      "dragging": false,
      "selected": false
    },
    {
      "id": "bef47075-83c7-4b28-b3b2-8761a60ecf10.OscillatorFlowNode",
      "type": "OscillatorFlowNode",
      "position": {
        "x": -68.29669944772456,
        "y": 755.5503997025422
      },
      "data": {
        "label": "Oscillator",
        "frequency": 146.7475947383518,
        "detune": 0,
        "type": "sine",
        "frequencyType": "hz",
        "style": {
          "padding": "5px",
          "border": "1px solid #2a3139",
          "borderRadius": "5px",
          "textAlign": "center",
          "background": "#1f1f1f",
          "color": "#eee",
          "boxShadow": "0 1px 3px rgba(0,0,0,0.45), 0 0 8px 2px rgba(0,255,136,0.08)",
          "width": "60px",
          "glowColor": "#00ff88"
        },
        "id": "bef47075-83c7-4b28-b3b2-8761a60ecf10.OscillatorFlowNode",
        "knobValue": 45.46094269471211,
        "freqMidiMapping": null,
        "detuneMidiMapping": null
      },
      "zIndex": 103,
      "measured": {
        "width": 72,
        "height": 223
      },
      "dragging": false,
      "selected": false
    },
    {
      "id": "9ef2598f-81b2-4056-8ea7-7a8c833f4baf.OscillatorFlowNode",
      "type": "OscillatorFlowNode",
      "position": {
        "x": -77.78198082196315,
        "y": 1015.1361861401692
      },
      "data": {
        "label": "Oscillator",
        "frequency": 146.8323839587038,
        "detune": 0,
        "type": "sine",
        "frequencyType": "hz",
        "style": {
          "padding": "5px",
          "border": "1px solid #2a3139",
          "borderRadius": "5px",
          "textAlign": "center",
          "background": "#1f1f1f",
          "color": "#eee",
          "boxShadow": "0 1px 3px rgba(0,0,0,0.45), 0 0 8px 2px rgba(0,255,136,0.08)",
          "width": "60px",
          "glowColor": "#00ff88"
        },
        "id": "9ef2598f-81b2-4056-8ea7-7a8c833f4baf.OscillatorFlowNode",
        "knobValue": 29.72453053800398,
        "freqMidiMapping": null,
        "detuneMidiMapping": null
      },
      "zIndex": 104,
      "measured": {
        "width": 72,
        "height": 223
      },
      "dragging": false,
      "selected": false
    },
    {
      "id": "d4042bc8-b9ad-484d-87bd-87c1966fdb05.OscillatorFlowNode",
      "type": "OscillatorFlowNode",
      "position": {
        "x": -69.7109130100977,
        "y": 1264.6509047659308
      },
      "data": {
        "label": "Oscillator",
        "frequency": 146.91722216937757,
        "detune": 0,
        "type": "sine",
        "frequencyType": "hz",
        "style": {
          "padding": "5px",
          "border": "1px solid #2a3139",
          "borderRadius": "5px",
          "textAlign": "center",
          "background": "#1f1f1f",
          "color": "#eee",
          "boxShadow": "0 1px 3px rgba(0,0,0,0.45), 0 0 8px 2px rgba(0,255,136,0.08)",
          "width": "60px",
          "glowColor": "#00ff88"
        },
        "id": "d4042bc8-b9ad-484d-87bd-87c1966fdb05.OscillatorFlowNode",
        "knobValue": 21.08539191722021,
        "freqMidiMapping": null,
        "detuneMidiMapping": null
      },
      "zIndex": 105,
      "measured": {
        "width": 72,
        "height": 223
      },
      "dragging": false,
      "selected": false
    },
    {
      "id": "1edf864e-bbd4-43aa-a285-b356413c04b6.OscillatorFlowNode",
      "type": "OscillatorFlowNode",
      "position": {
        "x": -88.14765852403099,
        "y": 1990.6335783321824
      },
      "data": {
        "label": "Oscillator",
        "frequency": 146.8323839587038,
        "detune": 0.5451691918508985,
        "type": "sine",
        "frequencyType": "hz",
        "style": {
          "padding": "5px",
          "border": "1px solid #2a3139",
          "borderRadius": "5px",
          "textAlign": "center",
          "background": "#1f1f1f",
          "color": "#eee",
          "boxShadow": "0 1px 3px rgba(0,0,0,0.45), 0 0 8px 2px rgba(0,255,136,0.08)",
          "width": "60px",
          "glowColor": "#00ff88"
        },
        "id": "1edf864e-bbd4-43aa-a285-b356413c04b6.OscillatorFlowNode",
        "knobValue": 37.751277461411036,
        "freqMidiMapping": null,
        "detuneMidiMapping": null
      },
      "zIndex": 106,
      "measured": {
        "width": 72,
        "height": 223
      },
      "dragging": false,
      "selected": false
    },
    {
      "id": "695799d3-a09c-4022-9825-2b855dc12354.OscillatorFlowNode",
      "type": "OscillatorFlowNode",
      "position": {
        "x": -89.8294513545384,
        "y": 1746.7736179086055
      },
      "data": {
        "label": "Oscillator",
        "frequency": 146.8323839587038,
        "detune": 0,
        "type": "sine",
        "frequencyType": "hz",
        "style": {
          "padding": "5px",
          "border": "1px solid #2a3139",
          "borderRadius": "5px",
          "textAlign": "center",
          "background": "#1f1f1f",
          "color": "#eee",
          "boxShadow": "0 1px 3px rgba(0,0,0,0.45), 0 0 8px 2px rgba(0,255,136,0.08)",
          "width": "60px",
          "glowColor": "#00ff88"
        },
        "id": "695799d3-a09c-4022-9825-2b855dc12354.OscillatorFlowNode",
        "knobValue": null,
        "freqMidiMapping": null,
        "detuneMidiMapping": null
      },
      "zIndex": 107,
      "measured": {
        "width": 72,
        "height": 223
      },
      "dragging": false,
      "selected": false
    },
    {
      "id": "2b82c9a3-257b-4629-8446-64e6fee7439e.ADSRFlowNode",
      "type": "ADSRFlowNode",
      "position": {
        "x": 527.679036989693,
        "y": 690.3173681844662
      },
      "data": {
        "label": "ADSR",
        "attackTime": 0.01,
        "decayTime": 0.2,
        "sustainLevel": 0.108,
        "releaseTime": 0.731,
        "maxTime": 10,
        "style": {
          "padding": "5px",
          "border": "1px solid #2a3139",
          "borderRadius": "5px",
          "textAlign": "center",
          "background": "#1f1f1f",
          "color": "#eee",
          "boxShadow": "0 1px 3px rgba(0,0,0,0.45), 0 0 8px 2px rgba(0,255,136,0.08)",
          "glowColor": "#00ff88"
        },
        "id": "2b82c9a3-257b-4629-8446-64e6fee7439e.ADSRFlowNode",
        "sustainTime": 2.036,
        "minPercent": 0,
        "maxPercent": 100,
        "lengthSec": 2.5
      },
      "zIndex": 108,
      "measured": {
        "width": 212,
        "height": 227
      },
      "dragging": false,
      "selected": false
    },
    {
      "id": "05712db7-7b9e-4ef2-9769-71e1e6e1860a.ADSRFlowNode",
      "type": "ADSRFlowNode",
      "position": {
        "x": -758.320963010307,
        "y": 1768.3173681844662
      },
      "data": {
        "label": "ADSR",
        "attackTime": 0.024,
        "decayTime": 0.2,
        "sustainLevel": 0.888,
        "releaseTime": 0.144,
        "maxTime": 10,
        "style": {
          "padding": "5px",
          "border": "1px solid #2a3139",
          "borderRadius": "5px",
          "textAlign": "center",
          "background": "#1f1f1f",
          "color": "#eee",
          "boxShadow": "0 1px 3px rgba(0,0,0,0.45), 0 0 8px 2px rgba(0,255,136,0.08)",
          "glowColor": "#00ff88"
        },
        "id": "05712db7-7b9e-4ef2-9769-71e1e6e1860a.ADSRFlowNode",
        "sustainTime": 0.043,
        "minPercent": 675,
        "maxPercent": 688,
        "lengthSec": 0.15
      },
      "zIndex": 109,
      "measured": {
        "width": 212,
        "height": 227
      },
      "dragging": false,
      "selected": false
    },
    {
      "id": "2691737a-c5e4-499b-bf7f-fa0eade162d6.MasterOutFlowNode",
      "type": "MasterOutFlowNode",
      "position": {
        "x": 1633.060489440088,
        "y": 1183.6322413914647
      },
      "data": {
        "label": "",
        "style": {
          "padding": "5px",
          "border": "1px solid #2a3139",
          "borderRadius": "5px",
          "textAlign": "center",
          "background": "#1f1f1f",
          "color": "#eee",
          "boxShadow": "0 1px 3px rgba(0,0,0,0.45), 0 0 8px 2px rgba(0,255,136,0.08)",
          "glowColor": "#00ff88"
        },
        "id": "2691737a-c5e4-499b-bf7f-fa0eade162d6.MasterOutFlowNode"
      },
      "zIndex": 110,
      "measured": {
        "width": 60,
        "height": 63
      },
      "dragging": false,
      "selected": false
    },
    {
      "id": "7d63a4ad-3d37-414a-b686-7b74a7ecc4d0.GainFlowNode",
      "type": "GainFlowNode",
      "position": {
        "x": 513.3793062429513,
        "y": 1120.738365468892
      },
      "data": {
        "label": "",
        "gain": 1.0938781653882728,
        "style": {
          "padding": "5px",
          "border": "1px solid #2a3139",
          "borderRadius": "5px",
          "textAlign": "center",
          "background": "#1f1f1f",
          "color": "#eee",
          "boxShadow": "0 1px 3px rgba(0,0,0,0.45), 0 0 8px 2px rgba(0,255,136,0.08)",
          "glowColor": "#00ff88"
        },
        "id": "7d63a4ad-3d37-414a-b686-7b74a7ecc4d0.GainFlowNode",
        "gainMidiMapping": null
      },
      "zIndex": 111,
      "measured": {
        "width": 75,
        "height": 94
      },
      "dragging": false,
      "selected": false
    },
    {
      "id": "d4e64a7a-f1de-490d-9e29-3b03b22e0f33.GainFlowNode",
      "type": "GainFlowNode",
      "position": {
        "x": 509.20311600970285,
        "y": 1777.1973476531873
      },
      "data": {
        "label": "",
        "gain": 0.9890546942061458,
        "style": {
          "padding": "5px",
          "border": "1px solid #2a3139",
          "borderRadius": "5px",
          "textAlign": "center",
          "background": "#1f1f1f",
          "color": "#eee",
          "boxShadow": "0 1px 3px rgba(0,0,0,0.45), 0 0 8px 2px rgba(0,255,136,0.08)",
          "glowColor": "#00ff88"
        },
        "id": "d4e64a7a-f1de-490d-9e29-3b03b22e0f33.GainFlowNode",
        "gainMidiMapping": null
      },
      "zIndex": 112,
      "measured": {
        "width": 75,
        "height": 94
      },
      "dragging": false,
      "selected": false
    },
    {
      "id": "f7507f2d-f43c-417f-aa00-5d5964304676.GainFlowNode",
      "type": "GainFlowNode",
      "position": {
        "x": 240.00609696223324,
        "y": 901.2630952583166
      },
      "data": {
        "label": "",
        "gain": 0.22936990881478664,
        "style": {
          "padding": "5px",
          "border": "1px solid #2a3139",
          "borderRadius": "5px",
          "textAlign": "center",
          "background": "#1f1f1f",
          "color": "#eee",
          "boxShadow": "0 1px 3px rgba(0,0,0,0.45), 0 0 8px 2px rgba(0,255,136,0.08)",
          "glowColor": "#00ff88"
        },
        "id": "f7507f2d-f43c-417f-aa00-5d5964304676.GainFlowNode",
        "gainMidiMapping": null
      },
      "zIndex": 113,
      "measured": {
        "width": 75,
        "height": 94
      },
      "dragging": false,
      "selected": false
    },
    {
      "id": "057f29ca-548f-40e7-bd3b-d57ab68dabce.GainFlowNode",
      "type": "GainFlowNode",
      "position": {
        "x": 235.25595753002415,
        "y": 1079.1244500039852
      },
      "data": {
        "label": "",
        "gain": 0.2557833872042782,
        "style": {
          "padding": "5px",
          "border": "1px solid #2a3139",
          "borderRadius": "5px",
          "textAlign": "center",
          "background": "#1f1f1f",
          "color": "#eee",
          "boxShadow": "0 1px 3px rgba(0,0,0,0.45), 0 0 8px 2px rgba(0,255,136,0.08)",
          "glowColor": "#00ff88"
        },
        "id": "057f29ca-548f-40e7-bd3b-d57ab68dabce.GainFlowNode",
        "gainMidiMapping": null
      },
      "zIndex": 114,
      "measured": {
        "width": 75,
        "height": 94
      },
      "selected": false
    },
    {
      "id": "0cd5c3d2-81ee-4012-bc0d-c3c722f1eb2e.GainFlowNode",
      "type": "GainFlowNode",
      "position": {
        "x": 230.21057903850186,
        "y": 1289.348553817414
      },
      "data": {
        "label": "",
        "gain": 0.22562826783315298,
        "style": {
          "padding": "5px",
          "border": "1px solid #2a3139",
          "borderRadius": "5px",
          "textAlign": "center",
          "background": "#1f1f1f",
          "color": "#eee",
          "boxShadow": "0 1px 3px rgba(0,0,0,0.45), 0 0 8px 2px rgba(0,255,136,0.08)",
          "glowColor": "#00ff88"
        },
        "id": "0cd5c3d2-81ee-4012-bc0d-c3c722f1eb2e.GainFlowNode",
        "gainMidiMapping": null
      },
      "zIndex": 115,
      "measured": {
        "width": 75,
        "height": 94
      },
      "dragging": false,
      "selected": false
    },
    {
      "id": "4feb3b8c-5c71-411b-bd3c-54ceb7699bb7.ADSRFlowNode",
      "type": "ADSRFlowNode",
      "position": {
        "x": -667.9007736363171,
        "y": 2057.8649266812217
      },
      "data": {
        "label": "ADSR",
        "attackTime": 0.006,
        "decayTime": 0.2,
        "sustainLevel": 0.641,
        "releaseTime": 0.053,
        "maxTime": 10,
        "style": {
          "padding": "5px",
          "border": "1px solid #2a3139",
          "borderRadius": "5px",
          "textAlign": "center",
          "background": "#1f1f1f",
          "color": "#eee",
          "boxShadow": "0 1px 3px rgba(0,0,0,0.45), 0 0 8px 2px rgba(0,255,136,0.08)",
          "glowColor": "#00ff88"
        },
        "id": "4feb3b8c-5c71-411b-bd3c-54ceb7699bb7.ADSRFlowNode",
        "sustainTime": 0.048,
        "minPercent": 3,
        "maxPercent": 100,
        "lengthSec": 0.4
      },
      "zIndex": 117,
      "measured": {
        "width": 212,
        "height": 227
      },
      "dragging": false,
      "selected": false
    },
    {
      "id": "ff34c6e6-5e95-4713-9557-0ff68c619ecc.BiquadFilterFlowNode",
      "type": "BiquadFilterFlowNode",
      "position": {
        "x": 796.5412215532469,
        "y": 1454.682489462768
      },
      "data": {
        "label": "",
        "filterType": "lowpass",
        "frequency": 1715.3634795844596,
        "detune": 0,
        "Q": 18.04440759280368,
        "gain": 0,
        "style": {
          "padding": "5px",
          "border": "1px solid #2a3139",
          "borderRadius": "5px",
          "textAlign": "center",
          "background": "#1f1f1f",
          "color": "#eee",
          "boxShadow": "0 1px 3px rgba(0,0,0,0.45), 0 0 8px 2px rgba(0,255,136,0.08)",
          "glowColor": "#00ff88"
        },
        "id": "ff34c6e6-5e95-4713-9557-0ff68c619ecc.BiquadFilterFlowNode",
        "freqMidiMapping": null,
        "detuneMidiMapping": null,
        "qMidiMapping": null,
        "gainMidiMapping": null
      },
      "zIndex": 118,
      "measured": {
        "width": 139,
        "height": 197
      },
      "dragging": false,
      "selected": false
    },
    {
      "id": "33d0b409-781f-4e0b-8cab-52d9c61d151f.OscillatorFlowNode",
      "type": "OscillatorFlowNode",
      "position": {
        "x": -82.96335303823494,
        "y": 481.12939633840256
      },
      "data": {
        "label": "Oscillator",
        "frequency": 146.78998322650605,
        "detune": 0,
        "type": "sine",
        "frequencyType": "hz",
        "style": {
          "padding": "5px",
          "border": "1px solid #2a3139",
          "borderRadius": "5px",
          "textAlign": "center",
          "background": "#1f1f1f",
          "color": "#eee",
          "boxShadow": "0 1px 3px rgba(0,0,0,0.45), 0 0 8px 2px rgba(0,255,136,0.08)",
          "width": "60px",
          "glowColor": "#00ff88"
        },
        "id": "33d0b409-781f-4e0b-8cab-52d9c61d151f.OscillatorFlowNode",
        "knobValue": 19.051833837838146,
        "freqMidiMapping": null,
        "detuneMidiMapping": null
      },
      "zIndex": 123,
      "measured": {
        "width": 72,
        "height": 223
      },
      "dragging": false,
      "selected": false
    },
    {
      "id": "11228f02-bc96-4956-8050-5cafeddb1060.OscillatorFlowNode",
      "type": "OscillatorFlowNode",
      "position": {
        "x": -70.78156020772751,
        "y": 232.06782485232924
      },
      "data": {
        "label": "Oscillator",
        "frequency": 146.8747969384817,
        "detune": 0,
        "type": "sine",
        "frequencyType": "hz",
        "style": {
          "padding": "5px",
          "border": "1px solid #2a3139",
          "borderRadius": "5px",
          "textAlign": "center",
          "background": "#1f1f1f",
          "color": "#eee",
          "boxShadow": "0 1px 3px rgba(0,0,0,0.45), 0 0 8px 2px rgba(0,255,136,0.08)",
          "width": "60px",
          "glowColor": "#00ff88"
        },
        "id": "11228f02-bc96-4956-8050-5cafeddb1060.OscillatorFlowNode",
        "knobValue": 47.993965784219014,
        "freqMidiMapping": null,
        "detuneMidiMapping": null
      },
      "zIndex": 124,
      "measured": {
        "width": 72,
        "height": 223
      },
      "dragging": false,
      "selected": false
    },
    {
      "id": "32dcf3b6-c020-4364-948e-4d5318e69c7d.GainFlowNode",
      "type": "GainFlowNode",
      "position": {
        "x": 257.80334062253326,
        "y": 320.25683640206256
      },
      "data": {
        "label": "",
        "gain": 0.25327862296934794,
        "style": {
          "padding": "5px",
          "border": "1px solid #2a3139",
          "borderRadius": "5px",
          "textAlign": "center",
          "background": "#1f1f1f",
          "color": "#eee",
          "boxShadow": "0 1px 3px rgba(0,0,0,0.45), 0 0 8px 2px rgba(0,255,136,0.08)",
          "glowColor": "#00ff88"
        },
        "id": "32dcf3b6-c020-4364-948e-4d5318e69c7d.GainFlowNode",
        "gainMidiMapping": null
      },
      "zIndex": 125,
      "measured": {
        "width": 75,
        "height": 94
      },
      "dragging": false,
      "selected": false
    },
    {
      "id": "06c15549-93b3-4d46-8420-f5b746c8be93.GainFlowNode",
      "type": "GainFlowNode",
      "position": {
        "x": 232.21286250390696,
        "y": 731.4238811740506
      },
      "data": {
        "label": "",
        "gain": 0.24494505648541076,
        "style": {
          "padding": "5px",
          "border": "1px solid #2a3139",
          "borderRadius": "5px",
          "textAlign": "center",
          "background": "#1f1f1f",
          "color": "#eee",
          "boxShadow": "0 1px 3px rgba(0,0,0,0.45), 0 0 8px 2px rgba(0,255,136,0.08)",
          "glowColor": "#00ff88"
        },
        "id": "06c15549-93b3-4d46-8420-f5b746c8be93.GainFlowNode",
        "gainMidiMapping": null
      },
      "zIndex": 126,
      "measured": {
        "width": 75,
        "height": 94
      },
      "dragging": false,
      "selected": false
    },
    {
      "id": "4ba09d65-a38d-424d-9a29-d676e74e7fc3.OscillatorFlowNode",
      "type": "OscillatorFlowNode",
      "position": {
        "x": 447.22251542974743,
        "y": 1324.630552159954
      },
      "data": {
        "label": "Oscillator",
        "frequency": 3.437,
        "detune": 0,
        "type": "sine",
        "frequencyType": "lfo",
        "style": {
          "padding": "5px",
          "border": "1px solid #2a3139",
          "borderRadius": "5px",
          "textAlign": "center",
          "background": "#1f1f1f",
          "color": "#eee",
          "boxShadow": "0 1px 3px rgba(0,0,0,0.45), 0 0 8px 2px rgba(0,255,136,0.08)",
          "width": "60px",
          "glowColor": "#00ff88"
        },
        "id": "4ba09d65-a38d-424d-9a29-d676e74e7fc3.OscillatorFlowNode",
        "knobValue": 83.14147064162974,
        "freqMidiMapping": null,
        "detuneMidiMapping": null
      },
      "zIndex": 127,
      "measured": {
        "width": 72,
        "height": 223
      },
      "dragging": false,
      "selected": false
    },
    {
      "id": "5061a628-a3ed-41e4-84cf-7df112872d6c.GainFlowNode",
      "type": "GainFlowNode",
      "position": {
        "x": 566.0200260065556,
        "y": 1374.1280268430123
      },
      "data": {
        "label": "",
        "gain": 0.2085440894616515,
        "style": {
          "padding": "5px",
          "border": "1px solid #2a3139",
          "borderRadius": "5px",
          "textAlign": "center",
          "background": "#1f1f1f",
          "color": "#eee",
          "boxShadow": "0 1px 3px rgba(0,0,0,0.45), 0 0 8px 2px rgba(0,255,136,0.08)",
          "glowColor": "#00ff88"
        },
        "id": "5061a628-a3ed-41e4-84cf-7df112872d6c.GainFlowNode",
        "gainMidiMapping": null
      },
      "zIndex": 128,
      "measured": {
        "width": 75,
        "height": 94
      },
      "dragging": false,
      "selected": false
    },
    {
      "id": "4c4606ee-1323-4171-bd7d-f7b404e73644.GainFlowNode",
      "type": "GainFlowNode",
      "position": {
        "x": 656.2376673313975,
        "y": 1122.1333312840345
      },
      "data": {
        "label": "",
        "gain": 0.9547213905363282,
        "style": {
          "padding": "5px",
          "border": "1px solid #2a3139",
          "borderRadius": "5px",
          "textAlign": "center",
          "background": "#1f1f1f",
          "color": "#eee",
          "boxShadow": "0 1px 3px rgba(0,0,0,0.45), 0 0 8px 2px rgba(0,255,136,0.08)",
          "glowColor": "#00ff88"
        },
        "id": "4c4606ee-1323-4171-bd7d-f7b404e73644.GainFlowNode",
        "gainMidiMapping": null
      },
      "zIndex": 129,
      "measured": {
        "width": 75,
        "height": 94
      },
      "dragging": false,
      "selected": false
    },
    {
      "id": "2e146e1f-6e5e-47bd-a036-8b71148d1561.FlowEventFreqShifterFlowNode",
      "type": "FlowEventFreqShifterFlowNode",
      "position": {
        "x": -251.7887561854041,
        "y": 252.13123924298168
      },
      "data": {
        "label": "",
        "id": "2e146e1f-6e5e-47bd-a036-8b71148d1561.FlowEventFreqShifterFlowNode",
        "style": {
          "padding": "5px",
          "border": "1px solid #2a3139",
          "borderRadius": "5px",
          "textAlign": "center",
          "background": "#1f1f1f",
          "color": "#eee",
          "boxShadow": "0 1px 3px rgba(0,0,0,0.45), 0 0 8px 2px rgba(0,255,136,0.08)",
          "glowColor": "#00ff88"
        },
        "shift": 0.005,
        "shiftMidiMapping": null
      },
      "zIndex": 132,
      "measured": {
        "width": 102,
        "height": 152
      },
      "dragging": false,
      "selected": false
    },
    {
      "id": "68832607-102c-4e4a-b6f5-b5ff23703162.FlowEventFreqShifterFlowNode",
      "type": "FlowEventFreqShifterFlowNode",
      "position": {
        "x": -314.8278614288051,
        "y": 504.80490415928847
      },
      "data": {
        "label": "",
        "id": "68832607-102c-4e4a-b6f5-b5ff23703162.FlowEventFreqShifterFlowNode",
        "style": {
          "padding": "5px",
          "border": "1px solid #2a3139",
          "borderRadius": "5px",
          "textAlign": "center",
          "background": "#1f1f1f",
          "color": "#eee",
          "boxShadow": "0 1px 3px rgba(0,0,0,0.45), 0 0 8px 2px rgba(0,255,136,0.08)",
          "glowColor": "#00ff88"
        },
        "shift": -0.005,
        "shiftMidiMapping": null
      },
      "zIndex": 133,
      "measured": {
        "width": 102,
        "height": 152
      },
      "dragging": false,
      "selected": false
    },
    {
      "id": "d6e68cc2-5669-4d03-b98d-642de97b92ad.FlowEventFreqShifterFlowNode",
      "type": "FlowEventFreqShifterFlowNode",
      "position": {
        "x": -241.98366965777086,
        "y": 742.0115776645865
      },
      "data": {
        "label": "",
        "id": "d6e68cc2-5669-4d03-b98d-642de97b92ad.FlowEventFreqShifterFlowNode",
        "style": {
          "padding": "5px",
          "border": "1px solid #2a3139",
          "borderRadius": "5px",
          "textAlign": "center",
          "background": "#1f1f1f",
          "color": "#eee",
          "boxShadow": "0 1px 3px rgba(0,0,0,0.45), 0 0 8px 2px rgba(0,255,136,0.08)",
          "glowColor": "#00ff88"
        },
        "shift": -0.01,
        "shiftMidiMapping": null
      },
      "zIndex": 134,
      "measured": {
        "width": 102,
        "height": 152
      },
      "dragging": false,
      "selected": false
    },
    {
      "id": "332ffc72-ebf5-4558-baec-bc5da7f5c38b.FlowEventFreqShifterFlowNode",
      "type": "FlowEventFreqShifterFlowNode",
      "position": {
        "x": -356.94534637371817,
        "y": 1216.345404166678
      },
      "data": {
        "label": "",
        "id": "332ffc72-ebf5-4558-baec-bc5da7f5c38b.FlowEventFreqShifterFlowNode",
        "style": {
          "padding": "5px",
          "border": "1px solid #2a3139",
          "borderRadius": "5px",
          "textAlign": "center",
          "background": "#1f1f1f",
          "color": "#eee",
          "boxShadow": "0 1px 3px rgba(0,0,0,0.45), 0 0 8px 2px rgba(0,255,136,0.08)",
          "glowColor": "#00ff88"
        },
        "shift": 0.01,
        "shiftMidiMapping": null
      },
      "zIndex": 135,
      "measured": {
        "width": 102,
        "height": 152
      },
      "dragging": false,
      "selected": false
    },
    {
      "id": "c9438954-3ff1-44e5-a2b9-be4b245cbe88.GainFlowNode",
      "type": "GainFlowNode",
      "position": {
        "x": 846.9406451723688,
        "y": 1114.7125877913631
      },
      "data": {
        "label": "",
        "gain": 1.0362048167111135,
        "style": {
          "padding": "5px",
          "border": "1px solid #2a3139",
          "borderRadius": "5px",
          "textAlign": "center",
          "background": "#1f1f1f",
          "color": "#eee",
          "boxShadow": "0 1px 3px rgba(0,0,0,0.45), 0 0 8px 2px rgba(0,255,136,0.08)",
          "glowColor": "#00ff88"
        },
        "id": "c9438954-3ff1-44e5-a2b9-be4b245cbe88.GainFlowNode",
        "gainMidiMapping": null
      },
      "zIndex": 136,
      "measured": {
        "width": 75,
        "height": 94
      },
      "dragging": false,
      "selected": false
    }
  ],
  "edges": [
    {
      "style": {
        "strokeWidth": 1.5,
        "strokeLinecap": "round"
      },
      "source": "0c829ab5-90fb-42c0-ae0a-aef78c31e75b.FlowNode",
      "sourceHandle": "output-0",
      "target": "695799d3-a09c-4022-9825-2b855dc12354.OscillatorFlowNode",
      "targetHandle": "frequency",
      "id": "xy-edge__0c829ab5-90fb-42c0-ae0a-aef78c31e75b.FlowNodeoutput-0-695799d3-a09c-4022-9825-2b855dc12354.OscillatorFlowNodefrequency"
    },
    {
      "style": {
        "strokeWidth": 1.5,
        "strokeLinecap": "round"
      },
      "source": "0c829ab5-90fb-42c0-ae0a-aef78c31e75b.FlowNode",
      "sourceHandle": "output-0",
      "target": "1edf864e-bbd4-43aa-a285-b356413c04b6.OscillatorFlowNode",
      "targetHandle": "frequency",
      "id": "xy-edge__0c829ab5-90fb-42c0-ae0a-aef78c31e75b.FlowNodeoutput-0-1edf864e-bbd4-43aa-a285-b356413c04b6.OscillatorFlowNodefrequency"
    },
    {
      "style": {
        "strokeWidth": 1.5,
        "strokeLinecap": "round"
      },
      "source": "bef47075-83c7-4b28-b3b2-8761a60ecf10.OscillatorFlowNode",
      "sourceHandle": "output",
      "target": "f7507f2d-f43c-417f-aa00-5d5964304676.GainFlowNode",
      "targetHandle": "main-input",
      "id": "xy-edge__bef47075-83c7-4b28-b3b2-8761a60ecf10.OscillatorFlowNodeoutput-f7507f2d-f43c-417f-aa00-5d5964304676.GainFlowNodemain-input"
    },
    {
      "style": {
        "strokeWidth": 1.5,
        "strokeLinecap": "round"
      },
      "source": "9ef2598f-81b2-4056-8ea7-7a8c833f4baf.OscillatorFlowNode",
      "sourceHandle": "output",
      "target": "057f29ca-548f-40e7-bd3b-d57ab68dabce.GainFlowNode",
      "targetHandle": "main-input",
      "id": "xy-edge__9ef2598f-81b2-4056-8ea7-7a8c833f4baf.OscillatorFlowNodeoutput-057f29ca-548f-40e7-bd3b-d57ab68dabce.GainFlowNodemain-input"
    },
    {
      "style": {
        "strokeWidth": 1.5,
        "strokeLinecap": "round"
      },
      "source": "d4042bc8-b9ad-484d-87bd-87c1966fdb05.OscillatorFlowNode",
      "sourceHandle": "output",
      "target": "0cd5c3d2-81ee-4012-bc0d-c3c722f1eb2e.GainFlowNode",
      "targetHandle": "main-input",
      "id": "xy-edge__d4042bc8-b9ad-484d-87bd-87c1966fdb05.OscillatorFlowNodeoutput-0cd5c3d2-81ee-4012-bc0d-c3c722f1eb2e.GainFlowNodemain-input"
    },
    {
      "style": {
        "strokeWidth": 1.5,
        "strokeLinecap": "round"
      },
      "source": "0cd5c3d2-81ee-4012-bc0d-c3c722f1eb2e.GainFlowNode",
      "sourceHandle": "output",
      "target": "7d63a4ad-3d37-414a-b686-7b74a7ecc4d0.GainFlowNode",
      "targetHandle": "main-input",
      "id": "xy-edge__0cd5c3d2-81ee-4012-bc0d-c3c722f1eb2e.GainFlowNodeoutput-7d63a4ad-3d37-414a-b686-7b74a7ecc4d0.GainFlowNodemain-input"
    },
    {
      "style": {
        "strokeWidth": 1.5,
        "strokeLinecap": "round",
        "filter": "drop-shadow(0 0 2px rgba(255,255,255,0.6)) drop-shadow(0 0 4px rgba(255,255,255,0.3))"
      },
      "source": "057f29ca-548f-40e7-bd3b-d57ab68dabce.GainFlowNode",
      "sourceHandle": "output",
      "target": "7d63a4ad-3d37-414a-b686-7b74a7ecc4d0.GainFlowNode",
      "targetHandle": "main-input",
      "id": "xy-edge__057f29ca-548f-40e7-bd3b-d57ab68dabce.GainFlowNodeoutput-7d63a4ad-3d37-414a-b686-7b74a7ecc4d0.GainFlowNodemain-input",
      "selected": false
    },
    {
      "style": {
        "strokeWidth": 1.5,
        "strokeLinecap": "round"
      },
      "source": "f7507f2d-f43c-417f-aa00-5d5964304676.GainFlowNode",
      "sourceHandle": "output",
      "target": "7d63a4ad-3d37-414a-b686-7b74a7ecc4d0.GainFlowNode",
      "targetHandle": "main-input",
      "id": "xy-edge__f7507f2d-f43c-417f-aa00-5d5964304676.GainFlowNodeoutput-7d63a4ad-3d37-414a-b686-7b74a7ecc4d0.GainFlowNodemain-input"
    },
    {
      "style": {
        "strokeWidth": 1.5,
        "strokeLinecap": "round",
        "filter": "drop-shadow(0 0 2px rgba(255,255,255,0.6)) drop-shadow(0 0 4px rgba(255,255,255,0.3))"
      },
      "source": "0c829ab5-90fb-42c0-ae0a-aef78c31e75b.FlowNode",
      "sourceHandle": "output-0",
      "target": "2b82c9a3-257b-4629-8446-64e6fee7439e.ADSRFlowNode",
      "targetHandle": "main-input",
      "id": "xy-edge__0c829ab5-90fb-42c0-ae0a-aef78c31e75b.FlowNodeoutput-0-2b82c9a3-257b-4629-8446-64e6fee7439e.ADSRFlowNodemain-input",
      "selected": false
    },
    {
      "style": {
        "strokeWidth": 1.5,
        "strokeLinecap": "round"
      },
      "source": "05712db7-7b9e-4ef2-9769-71e1e6e1860a.ADSRFlowNode",
      "sourceHandle": "output",
      "target": "695799d3-a09c-4022-9825-2b855dc12354.OscillatorFlowNode",
      "targetHandle": "frequency",
      "id": "xy-edge__05712db7-7b9e-4ef2-9769-71e1e6e1860a.ADSRFlowNodeoutput-695799d3-a09c-4022-9825-2b855dc12354.OscillatorFlowNodefrequency"
    },
    {
      "style": {
        "strokeWidth": 1.5,
        "strokeLinecap": "round"
      },
      "source": "05712db7-7b9e-4ef2-9769-71e1e6e1860a.ADSRFlowNode",
      "sourceHandle": "output",
      "target": "1edf864e-bbd4-43aa-a285-b356413c04b6.OscillatorFlowNode",
      "targetHandle": "frequency",
      "id": "xy-edge__05712db7-7b9e-4ef2-9769-71e1e6e1860a.ADSRFlowNodeoutput-1edf864e-bbd4-43aa-a285-b356413c04b6.OscillatorFlowNodefrequency"
    },
    {
      "style": {
        "strokeWidth": 1.5,
        "strokeLinecap": "round"
      },
      "source": "0c829ab5-90fb-42c0-ae0a-aef78c31e75b.FlowNode",
      "sourceHandle": "output-0",
      "target": "05712db7-7b9e-4ef2-9769-71e1e6e1860a.ADSRFlowNode",
      "targetHandle": "main-input",
      "id": "xy-edge__0c829ab5-90fb-42c0-ae0a-aef78c31e75b.FlowNodeoutput-0-05712db7-7b9e-4ef2-9769-71e1e6e1860a.ADSRFlowNodemain-input"
    },
    {
      "style": {
        "strokeWidth": 1.5,
        "strokeLinecap": "round"
      },
      "source": "695799d3-a09c-4022-9825-2b855dc12354.OscillatorFlowNode",
      "sourceHandle": "output",
      "target": "d4e64a7a-f1de-490d-9e29-3b03b22e0f33.GainFlowNode",
      "targetHandle": "main-input",
      "id": "xy-edge__695799d3-a09c-4022-9825-2b855dc12354.OscillatorFlowNodeoutput-d4e64a7a-f1de-490d-9e29-3b03b22e0f33.GainFlowNodemain-input"
    },
    {
      "style": {
        "strokeWidth": 1.5,
        "strokeLinecap": "round"
      },
      "source": "1edf864e-bbd4-43aa-a285-b356413c04b6.OscillatorFlowNode",
      "sourceHandle": "output",
      "target": "d4e64a7a-f1de-490d-9e29-3b03b22e0f33.GainFlowNode",
      "targetHandle": "main-input",
      "id": "xy-edge__1edf864e-bbd4-43aa-a285-b356413c04b6.OscillatorFlowNodeoutput-d4e64a7a-f1de-490d-9e29-3b03b22e0f33.GainFlowNodemain-input"
    },
    {
      "style": {
        "strokeWidth": 1.5,
        "strokeLinecap": "round"
      },
      "source": "4feb3b8c-5c71-411b-bd3c-54ceb7699bb7.ADSRFlowNode",
      "sourceHandle": "output",
      "target": "d4e64a7a-f1de-490d-9e29-3b03b22e0f33.GainFlowNode",
      "targetHandle": "gain",
      "id": "xy-edge__4feb3b8c-5c71-411b-bd3c-54ceb7699bb7.ADSRFlowNodeoutput-d4e64a7a-f1de-490d-9e29-3b03b22e0f33.GainFlowNodegain"
    },
    {
      "style": {
        "strokeWidth": 1.5,
        "strokeLinecap": "round"
      },
      "source": "0c829ab5-90fb-42c0-ae0a-aef78c31e75b.FlowNode",
      "sourceHandle": "output-0",
      "target": "4feb3b8c-5c71-411b-bd3c-54ceb7699bb7.ADSRFlowNode",
      "targetHandle": "main-input",
      "id": "xy-edge__0c829ab5-90fb-42c0-ae0a-aef78c31e75b.FlowNodeoutput-0-4feb3b8c-5c71-411b-bd3c-54ceb7699bb7.ADSRFlowNodemain-input"
    },
    {
      "style": {
        "strokeWidth": 1.5,
        "strokeLinecap": "round"
      },
      "source": "d4e64a7a-f1de-490d-9e29-3b03b22e0f33.GainFlowNode",
      "sourceHandle": "output",
      "target": "ff34c6e6-5e95-4713-9557-0ff68c619ecc.BiquadFilterFlowNode",
      "targetHandle": "main-input",
      "id": "xy-edge__d4e64a7a-f1de-490d-9e29-3b03b22e0f33.GainFlowNodeoutput-ff34c6e6-5e95-4713-9557-0ff68c619ecc.BiquadFilterFlowNodemain-input"
    },
    {
      "style": {
        "strokeWidth": 1.5,
        "strokeLinecap": "round"
      },
      "source": "0c829ab5-90fb-42c0-ae0a-aef78c31e75b.FlowNode",
      "sourceHandle": "output-0",
      "target": "9ef2598f-81b2-4056-8ea7-7a8c833f4baf.OscillatorFlowNode",
      "targetHandle": "frequency",
      "id": "xy-edge__0c829ab5-90fb-42c0-ae0a-aef78c31e75b.FlowNodeoutput-0-9ef2598f-81b2-4056-8ea7-7a8c833f4baf.OscillatorFlowNodefrequency"
    },
    {
      "style": {
        "strokeWidth": 1.5,
        "strokeLinecap": "round"
      },
      "source": "11228f02-bc96-4956-8050-5cafeddb1060.OscillatorFlowNode",
      "sourceHandle": "output",
      "target": "32dcf3b6-c020-4364-948e-4d5318e69c7d.GainFlowNode",
      "targetHandle": "main-input",
      "id": "xy-edge__11228f02-bc96-4956-8050-5cafeddb1060.OscillatorFlowNodeoutput-32dcf3b6-c020-4364-948e-4d5318e69c7d.GainFlowNodemain-input"
    },
    {
      "style": {
        "strokeWidth": 1.5,
        "strokeLinecap": "round",
        "filter": "drop-shadow(0 0 2px rgba(255,255,255,0.6)) drop-shadow(0 0 4px rgba(255,255,255,0.3))"
      },
      "source": "33d0b409-781f-4e0b-8cab-52d9c61d151f.OscillatorFlowNode",
      "sourceHandle": "output",
      "target": "06c15549-93b3-4d46-8420-f5b746c8be93.GainFlowNode",
      "targetHandle": "main-input",
      "id": "xy-edge__33d0b409-781f-4e0b-8cab-52d9c61d151f.OscillatorFlowNodeoutput-06c15549-93b3-4d46-8420-f5b746c8be93.GainFlowNodemain-input",
      "selected": false
    },
    {
      "style": {
        "strokeWidth": 1.5,
        "strokeLinecap": "round"
      },
      "source": "06c15549-93b3-4d46-8420-f5b746c8be93.GainFlowNode",
      "sourceHandle": "output",
      "target": "7d63a4ad-3d37-414a-b686-7b74a7ecc4d0.GainFlowNode",
      "targetHandle": "main-input",
      "id": "xy-edge__06c15549-93b3-4d46-8420-f5b746c8be93.GainFlowNodeoutput-7d63a4ad-3d37-414a-b686-7b74a7ecc4d0.GainFlowNodemain-input"
    },
    {
      "style": {
        "strokeWidth": 1.5,
        "strokeLinecap": "round"
      },
      "source": "32dcf3b6-c020-4364-948e-4d5318e69c7d.GainFlowNode",
      "sourceHandle": "output",
      "target": "7d63a4ad-3d37-414a-b686-7b74a7ecc4d0.GainFlowNode",
      "targetHandle": "main-input",
      "id": "xy-edge__32dcf3b6-c020-4364-948e-4d5318e69c7d.GainFlowNodeoutput-7d63a4ad-3d37-414a-b686-7b74a7ecc4d0.GainFlowNodemain-input"
    },
    {
      "style": {
        "strokeWidth": 1.5,
        "strokeLinecap": "round"
      },
      "source": "4ba09d65-a38d-424d-9a29-d676e74e7fc3.OscillatorFlowNode",
      "sourceHandle": "output",
      "target": "5061a628-a3ed-41e4-84cf-7df112872d6c.GainFlowNode",
      "targetHandle": "main-input",
      "id": "xy-edge__4ba09d65-a38d-424d-9a29-d676e74e7fc3.OscillatorFlowNodeoutput-5061a628-a3ed-41e4-84cf-7df112872d6c.GainFlowNodemain-input"
    },
    {
      "style": {
        "strokeWidth": 1.5,
        "strokeLinecap": "round"
      },
      "source": "7d63a4ad-3d37-414a-b686-7b74a7ecc4d0.GainFlowNode",
      "sourceHandle": "output",
      "target": "4c4606ee-1323-4171-bd7d-f7b404e73644.GainFlowNode",
      "targetHandle": "main-input",
      "id": "xy-edge__7d63a4ad-3d37-414a-b686-7b74a7ecc4d0.GainFlowNodeoutput-4c4606ee-1323-4171-bd7d-f7b404e73644.GainFlowNodemain-input"
    },
    {
      "style": {
        "strokeWidth": 1.5,
        "strokeLinecap": "round"
      },
      "source": "2b82c9a3-257b-4629-8446-64e6fee7439e.ADSRFlowNode",
      "sourceHandle": "output",
      "target": "4c4606ee-1323-4171-bd7d-f7b404e73644.GainFlowNode",
      "targetHandle": "gain",
      "id": "xy-edge__2b82c9a3-257b-4629-8446-64e6fee7439e.ADSRFlowNodeoutput-4c4606ee-1323-4171-bd7d-f7b404e73644.GainFlowNodegain"
    },
    {
      "style": {
        "strokeWidth": 1.5,
        "strokeLinecap": "round"
      },
      "source": "0c829ab5-90fb-42c0-ae0a-aef78c31e75b.FlowNode",
      "sourceHandle": "output-0",
      "target": "332ffc72-ebf5-4558-baec-bc5da7f5c38b.FlowEventFreqShifterFlowNode",
      "targetHandle": "trigger-input",
      "id": "xy-edge__0c829ab5-90fb-42c0-ae0a-aef78c31e75b.FlowNodeoutput-0-332ffc72-ebf5-4558-baec-bc5da7f5c38b.FlowEventFreqShifterFlowNodetrigger-input"
    },
    {
      "style": {
        "strokeWidth": 1.5,
        "strokeLinecap": "round"
      },
      "source": "332ffc72-ebf5-4558-baec-bc5da7f5c38b.FlowEventFreqShifterFlowNode",
      "sourceHandle": "flow-output",
      "target": "d4042bc8-b9ad-484d-87bd-87c1966fdb05.OscillatorFlowNode",
      "targetHandle": "frequency",
      "id": "xy-edge__332ffc72-ebf5-4558-baec-bc5da7f5c38b.FlowEventFreqShifterFlowNodeflow-output-d4042bc8-b9ad-484d-87bd-87c1966fdb05.OscillatorFlowNodefrequency"
    },
    {
      "style": {
        "strokeWidth": 1.5,
        "strokeLinecap": "round",
        "filter": "drop-shadow(0 0 2px rgba(255,255,255,0.6)) drop-shadow(0 0 4px rgba(255,255,255,0.3))"
      },
      "source": "0c829ab5-90fb-42c0-ae0a-aef78c31e75b.FlowNode",
      "sourceHandle": "output-0",
      "target": "d6e68cc2-5669-4d03-b98d-642de97b92ad.FlowEventFreqShifterFlowNode",
      "targetHandle": "trigger-input",
      "id": "xy-edge__0c829ab5-90fb-42c0-ae0a-aef78c31e75b.FlowNodeoutput-0-d6e68cc2-5669-4d03-b98d-642de97b92ad.FlowEventFreqShifterFlowNodetrigger-input",
      "selected": false
    },
    {
      "style": {
        "strokeWidth": 1.5,
        "strokeLinecap": "round"
      },
      "source": "d6e68cc2-5669-4d03-b98d-642de97b92ad.FlowEventFreqShifterFlowNode",
      "sourceHandle": "flow-output",
      "target": "bef47075-83c7-4b28-b3b2-8761a60ecf10.OscillatorFlowNode",
      "targetHandle": "frequency",
      "id": "xy-edge__d6e68cc2-5669-4d03-b98d-642de97b92ad.FlowEventFreqShifterFlowNodeflow-output-bef47075-83c7-4b28-b3b2-8761a60ecf10.OscillatorFlowNodefrequency"
    },
    {
      "style": {
        "strokeWidth": 1.5,
        "strokeLinecap": "round"
      },
      "source": "0c829ab5-90fb-42c0-ae0a-aef78c31e75b.FlowNode",
      "sourceHandle": "output-0",
      "target": "68832607-102c-4e4a-b6f5-b5ff23703162.FlowEventFreqShifterFlowNode",
      "targetHandle": "trigger-input",
      "id": "xy-edge__0c829ab5-90fb-42c0-ae0a-aef78c31e75b.FlowNodeoutput-0-68832607-102c-4e4a-b6f5-b5ff23703162.FlowEventFreqShifterFlowNodetrigger-input"
    },
    {
      "style": {
        "strokeWidth": 1.5,
        "strokeLinecap": "round"
      },
      "source": "68832607-102c-4e4a-b6f5-b5ff23703162.FlowEventFreqShifterFlowNode",
      "sourceHandle": "flow-output",
      "target": "33d0b409-781f-4e0b-8cab-52d9c61d151f.OscillatorFlowNode",
      "targetHandle": "frequency",
      "id": "xy-edge__68832607-102c-4e4a-b6f5-b5ff23703162.FlowEventFreqShifterFlowNodeflow-output-33d0b409-781f-4e0b-8cab-52d9c61d151f.OscillatorFlowNodefrequency"
    },
    {
      "style": {
        "strokeWidth": 1.5,
        "strokeLinecap": "round"
      },
      "source": "0c829ab5-90fb-42c0-ae0a-aef78c31e75b.FlowNode",
      "sourceHandle": "output-0",
      "target": "2e146e1f-6e5e-47bd-a036-8b71148d1561.FlowEventFreqShifterFlowNode",
      "targetHandle": "trigger-input",
      "id": "xy-edge__0c829ab5-90fb-42c0-ae0a-aef78c31e75b.FlowNodeoutput-0-2e146e1f-6e5e-47bd-a036-8b71148d1561.FlowEventFreqShifterFlowNodetrigger-input"
    },
    {
      "style": {
        "strokeWidth": 1.5,
        "strokeLinecap": "round"
      },
      "source": "2e146e1f-6e5e-47bd-a036-8b71148d1561.FlowEventFreqShifterFlowNode",
      "sourceHandle": "flow-output",
      "target": "11228f02-bc96-4956-8050-5cafeddb1060.OscillatorFlowNode",
      "targetHandle": "frequency",
      "id": "xy-edge__2e146e1f-6e5e-47bd-a036-8b71148d1561.FlowEventFreqShifterFlowNodeflow-output-11228f02-bc96-4956-8050-5cafeddb1060.OscillatorFlowNodefrequency"
    },
    {
      "style": {
        "strokeWidth": 1.5,
        "strokeLinecap": "round"
      },
      "source": "5061a628-a3ed-41e4-84cf-7df112872d6c.GainFlowNode",
      "sourceHandle": "output",
      "target": "c9438954-3ff1-44e5-a2b9-be4b245cbe88.GainFlowNode",
      "targetHandle": "gain",
      "id": "xy-edge__5061a628-a3ed-41e4-84cf-7df112872d6c.GainFlowNodeoutput-c9438954-3ff1-44e5-a2b9-be4b245cbe88.GainFlowNodegain"
    },
    {
      "style": {
        "strokeWidth": 1.5,
        "strokeLinecap": "round"
      },
      "source": "4c4606ee-1323-4171-bd7d-f7b404e73644.GainFlowNode",
      "sourceHandle": "output",
      "target": "c9438954-3ff1-44e5-a2b9-be4b245cbe88.GainFlowNode",
      "targetHandle": "main-input",
      "id": "xy-edge__4c4606ee-1323-4171-bd7d-f7b404e73644.GainFlowNodeoutput-c9438954-3ff1-44e5-a2b9-be4b245cbe88.GainFlowNodemain-input"
    },
    {
      "style": {
        "strokeWidth": 1.5,
        "strokeLinecap": "round"
      },
      "source": "c9438954-3ff1-44e5-a2b9-be4b245cbe88.GainFlowNode",
      "sourceHandle": "output",
      "target": "2691737a-c5e4-499b-bf7f-fa0eade162d6.MasterOutFlowNode",
      "targetHandle": "destination-input",
      "id": "xy-edge__c9438954-3ff1-44e5-a2b9-be4b245cbe88.GainFlowNodeoutput-2691737a-c5e4-499b-bf7f-fa0eade162d6.MasterOutFlowNodedestination-input"
    },
    {
      "style": {
        "strokeWidth": 1.5,
        "strokeLinecap": "round"
      },
      "source": "0c829ab5-90fb-42c0-ae0a-aef78c31e75b.FlowNode",
      "sourceHandle": "output-0",
      "target": "9ef2598f-81b2-4056-8ea7-7a8c833f4baf.OscillatorFlowNode",
      "targetHandle": "detune",
      "id": "xy-edge__0c829ab5-90fb-42c0-ae0a-aef78c31e75b.FlowNodeoutput-0-9ef2598f-81b2-4056-8ea7-7a8c833f4baf.OscillatorFlowNodedetune"
    },
    {
      "style": {
        "strokeWidth": 1.5,
        "strokeLinecap": "round"
      },
      "source": "0c829ab5-90fb-42c0-ae0a-aef78c31e75b.FlowNode",
      "sourceHandle": "output-0",
      "target": "d4042bc8-b9ad-484d-87bd-87c1966fdb05.OscillatorFlowNode",
      "targetHandle": "detune",
      "id": "xy-edge__0c829ab5-90fb-42c0-ae0a-aef78c31e75b.FlowNodeoutput-0-d4042bc8-b9ad-484d-87bd-87c1966fdb05.OscillatorFlowNodedetune"
    },
    {
      "style": {
        "strokeWidth": 1.5,
        "strokeLinecap": "round"
      },
      "source": "0c829ab5-90fb-42c0-ae0a-aef78c31e75b.FlowNode",
      "sourceHandle": "output-0",
      "target": "bef47075-83c7-4b28-b3b2-8761a60ecf10.OscillatorFlowNode",
      "targetHandle": "detune",
      "id": "xy-edge__0c829ab5-90fb-42c0-ae0a-aef78c31e75b.FlowNodeoutput-0-bef47075-83c7-4b28-b3b2-8761a60ecf10.OscillatorFlowNodedetune"
    },
    {
      "style": {
        "strokeWidth": 1.5,
        "strokeLinecap": "round"
      },
      "source": "0c829ab5-90fb-42c0-ae0a-aef78c31e75b.FlowNode",
      "sourceHandle": "output-0",
      "target": "33d0b409-781f-4e0b-8cab-52d9c61d151f.OscillatorFlowNode",
      "targetHandle": "detune",
      "id": "xy-edge__0c829ab5-90fb-42c0-ae0a-aef78c31e75b.FlowNodeoutput-0-33d0b409-781f-4e0b-8cab-52d9c61d151f.OscillatorFlowNodedetune"
    },
    {
      "style": {
        "strokeWidth": 1.5,
        "strokeLinecap": "round"
      },
      "source": "0c829ab5-90fb-42c0-ae0a-aef78c31e75b.FlowNode",
      "sourceHandle": "output-0",
      "target": "11228f02-bc96-4956-8050-5cafeddb1060.OscillatorFlowNode",
      "targetHandle": "detune",
      "id": "xy-edge__0c829ab5-90fb-42c0-ae0a-aef78c31e75b.FlowNodeoutput-0-11228f02-bc96-4956-8050-5cafeddb1060.OscillatorFlowNodedetune"
    }
  ],
  "folder_path": "",
  "updated_at": "2025-12-28T18:05:51.352Z"
}