{
  "name": "snamre",
  "nodes": [
    {
      "id": "bbbcf65a-bf66-41b6-ba3e-98aa063ecc52.NoiseFlowNode",
      "type": "NoiseFlowNode",
      "position": {
        "x": -951.3517806164068,
        "y": -80.27646476579912
      },
      "data": {
        "label": "NoiseFlowNode Node",
        "id": "bbbcf65a-bf66-41b6-ba3e-98aa063ecc52.NoiseFlowNode",
        "style": {
          "padding": "10px",
          "border": "1px solid #2a3139",
          "borderRadius": "5px",
          "width": "200px",
          "textAlign": "center",
          "background": "#1f1f1f",
          "color": "#eee",
          "boxShadow": "0 1px 3px rgba(0,0,0,0.45), 0 0 8px 2px rgba(0,255,136,0.12)",
          "glowColor": "#00ff88"
        },
        "noiseType": "white",
        "processorCode": "class ExtendAudioWorkletProcessor extends AudioWorkletProcessor {\n  constructor(){\n    super();\n    this._pinkState = new Float32Array(7);\n    this._brown = 0;\n    this._grayLast = 0;\n  }\n  process(inputs, outputs, parameters){\n    const out = outputs[0]; if(!out) return true;\n    for(let ch=0; ch<out.length; ch++){\n      const buf = out[ch];\n      for(let i=0;i<buf.length;i++){\n        let sample = 0;\n        switch('white') {\n          case 'white': sample = (Math.random()*2-1); break;\n          case 'pink': { let ps = this._pinkState; ps[0] = 0.99886 * ps[0] + Math.random() * 0.0555179; ps[1] = 0.99332 * ps[1] + Math.random() * 0.0750759; ps[2] = 0.96900 * ps[2] + Math.random() * 0.1538520; ps[3] = 0.86650 * ps[3] + Math.random() * 0.3104856; ps[4] = 0.55000 * ps[4] + Math.random() * 0.5329522; ps[5] = -0.7616 * ps[5] - Math.random() * 0.0168980; sample = ps[0]+ps[1]+ps[2]+ps[3]+ps[4]+ps[5]+ps[6] + Math.random()*0.5362; ps[6] = Math.random()*0.115926; sample *= 0.11; break; }\n          case 'brown': { this._brown += (Math.random()*2 - 1) * 0.02; if (this._brown < -1) this._brown = -1; else if (this._brown > 1) this._brown = 1; sample = this._brown; break; }\n          case 'blue': { const w1 = (Math.random()*2-1); const w2 = (Math.random()*2-1); sample = (w2 - w1); break; }\n          case 'violet': { const w1 = (Math.random()*2-1); const w2 = (Math.random()*2-1); const w3 = (Math.random()*2-1); sample = (w3 - 2*w2 + w1); break; }\n          case 'gray': { const white = (Math.random()*2-1); this._grayLast = 0.97 * this._grayLast + 0.03 * white; sample = this._grayLast; break; }\n        }\n        buf[i] = sample * 0.35;\n      }\n    }\n    return true;\n  }\n}"
      },
      "measured": {
        "width": 218,
        "height": 76
      },
      "selected": false,
      "dragging": false
    },
    {
      "id": "fdf67c66-6e9b-464d-9646-0d1cc972dd4d.ADSRFlowNode",
      "type": "ADSRFlowNode",
      "position": {
        "x": -595.0989614630621,
        "y": -393.9562788893549
      },
      "data": {
        "label": "ADSRFlowNode Node",
        "attackTime": 0.001,
        "decayTime": 0.2,
        "sustainLevel": 0.252,
        "releaseTime": 0.162,
        "maxTime": 10,
        "style": {
          "padding": "10px",
          "border": "1px solid #2a3139",
          "borderRadius": "5px",
          "width": "200px",
          "textAlign": "center",
          "background": "#1f1f1f",
          "color": "#eee",
          "boxShadow": "0 1px 3px rgba(0,0,0,0.45), 0 0 8px 2px rgba(0,255,136,0.08)",
          "glowColor": "#00ff88"
        },
        "id": "fdf67c66-6e9b-464d-9646-0d1cc972dd4d.ADSRFlowNode",
        "sustainTime": 0.026,
        "minPercent": 0,
        "maxPercent": 190,
        "lengthSec": 0.301
      },
      "measured": {
        "width": 222,
        "height": 239
      },
      "selected": false,
      "dragging": false
    },
    {
      "id": "ffdb130b-dbed-428a-9739-bc3ddc433c00.GainFlowNode",
      "type": "GainFlowNode",
      "position": {
        "x": -272.28794688649873,
        "y": -152.92519586320384
      },
      "data": {
        "label": "GainFlowNode Node",
        "gain": 1.0525494206665968,
        "style": {
          "padding": "10px",
          "border": "1px solid #2a3139",
          "borderRadius": "5px",
          "width": "200px",
          "textAlign": "center",
          "background": "#1f1f1f",
          "color": "#eee",
          "boxShadow": "0 1px 3px rgba(0,0,0,0.45), 0 0 8px 2px rgba(0,255,136,0.08)",
          "glowColor": "#00ff88"
        },
        "id": "ffdb130b-dbed-428a-9739-bc3ddc433c00.GainFlowNode",
        "gainMidiMapping": null
      },
      "measured": {
        "width": 222,
        "height": 96
      },
      "selected": false,
      "dragging": false
    },
    {
      "id": "a75b8de8-664e-4377-b1ac-e9c4d89f87e4.InputNode",
      "type": "InputNode",
      "position": {
        "x": -903.5324456106214,
        "y": -205.77110216984175
      },
      "data": {
        "label": "InputNode Node",
        "index": 0,
        "value": "",
        "style": {
          "padding": "10px",
          "border": "1px solid #2a3139",
          "borderRadius": "5px",
          "width": "200px",
          "textAlign": "center",
          "background": "#1f1f1f",
          "color": "#eee",
          "boxShadow": "0 1px 3px rgba(0,0,0,0.45), 0 0 8px 2px rgba(0,255,136,0.08)"
        },
        "id": "a75b8de8-664e-4377-b1ac-e9c4d89f87e4.InputNode"
      },
      "measured": {
        "width": 206,
        "height": 79
      },
      "selected": false,
      "dragging": false
    },
    {
      "id": "96afc0b3-aa23-406d-a067-5f7071a2e8cf.OutputNode",
      "type": "OutputNode",
      "position": {
        "x": 59.12570302209667,
        "y": -147.13202712622444
      },
      "data": {
        "label": "OutputNode Node",
        "index": 0,
        "value": "",
        "style": {
          "padding": "10px",
          "border": "1px solid #2a3139",
          "borderRadius": "5px",
          "width": "200px",
          "textAlign": "center",
          "background": "#1f1f1f",
          "color": "#eee",
          "boxShadow": "0 1px 3px rgba(0,0,0,0.45), 0 0 8px 2px rgba(0,255,136,0.08)"
        },
        "id": "96afc0b3-aa23-406d-a067-5f7071a2e8cf.OutputNode"
      },
      "measured": {
        "width": 206,
        "height": 79
      },
      "selected": false,
      "dragging": false
    }
  ],
  "edges": [
    {
      "style": {
        "strokeWidth": 1.5,
        "strokeLinecap": "round"
      },
      "source": "bbbcf65a-bf66-41b6-ba3e-98aa063ecc52.NoiseFlowNode",
      "sourceHandle": "output",
      "target": "ffdb130b-dbed-428a-9739-bc3ddc433c00.GainFlowNode",
      "targetHandle": "main-input",
      "id": "xy-edge__bbbcf65a-bf66-41b6-ba3e-98aa063ecc52.NoiseFlowNodeoutput-ffdb130b-dbed-428a-9739-bc3ddc433c00.GainFlowNodemain-input"
    },
    {
      "style": {
        "strokeWidth": 1.5,
        "strokeLinecap": "round"
      },
      "source": "fdf67c66-6e9b-464d-9646-0d1cc972dd4d.ADSRFlowNode",
      "sourceHandle": "output",
      "target": "ffdb130b-dbed-428a-9739-bc3ddc433c00.GainFlowNode",
      "targetHandle": "gain",
      "id": "xy-edge__fdf67c66-6e9b-464d-9646-0d1cc972dd4d.ADSRFlowNodeoutput-ffdb130b-dbed-428a-9739-bc3ddc433c00.GainFlowNodegain"
    },
    {
      "style": {
        "strokeWidth": 1.5,
        "strokeLinecap": "round"
      },
      "source": "a75b8de8-664e-4377-b1ac-e9c4d89f87e4.InputNode",
      "sourceHandle": "output-a75b8de8-664e-4377-b1ac-e9c4d89f87e4.InputNode",
      "target": "fdf67c66-6e9b-464d-9646-0d1cc972dd4d.ADSRFlowNode",
      "targetHandle": "main-input",
      "id": "xy-edge__a75b8de8-664e-4377-b1ac-e9c4d89f87e4.InputNodeoutput-a75b8de8-664e-4377-b1ac-e9c4d89f87e4.InputNode-fdf67c66-6e9b-464d-9646-0d1cc972dd4d.ADSRFlowNodemain-input"
    },
    {
      "style": {
        "strokeWidth": 1.5,
        "strokeLinecap": "round"
      },
      "source": "ffdb130b-dbed-428a-9739-bc3ddc433c00.GainFlowNode",
      "sourceHandle": "output",
      "target": "96afc0b3-aa23-406d-a067-5f7071a2e8cf.OutputNode",
      "targetHandle": "input",
      "id": "xy-edge__ffdb130b-dbed-428a-9739-bc3ddc433c00.GainFlowNodeoutput-96afc0b3-aa23-406d-a067-5f7071a2e8cf.OutputNodeinput"
    }
  ],
  "folder_path": "",
  "updated_at": "2025-10-12 16:24:26"
}