{
  "name": "snare",
  "nodes": [
    {
      "id": "e4fd8acd-76cb-405e-9b37-0de398ad3a67.AudioContextFlowNode",
      "type": "AudioContextFlowNode",
      "position": {
        "x": -37.37638283867159,
        "y": -172.9493466370534
      },
      "data": {
        "label": "AudioContextFlowNode Node",
        "style": {
          "padding": "10px",
          "border": "1px solid #2a3139",
          "borderRadius": "5px",
          "width": "200px",
          "textAlign": "center",
          "background": "#1f1f1f",
          "color": "#eee",
          "boxShadow": "0 1px 3px rgba(0,0,0,0.45), 0 0 8px 2px rgba(0,255,136,0.08)",
          "glowColor": "#00ff88"
        },
        "id": "e4fd8acd-76cb-405e-9b37-0de398ad3a67.AudioContextFlowNode"
      },
      "measured": {
        "width": 222,
        "height": 69
      },
      "selected": false,
      "dragging": false
    },
    {
      "id": "d7e27db0-98b4-49ef-8a0a-7557de283b07.AudioWorkletFlowNode",
      "type": "AudioWorkletFlowNode",
      "position": {
        "x": -1349.265883993577,
        "y": -80.8503144619198
      },
      "data": {
        "label": "AudioWorkletFlowNode Node",
        "processorUrl": "path/to/processor.js",
        "style": {
          "padding": "10px",
          "border": "1px solid #2a3139",
          "borderRadius": "5px",
          "width": "200px",
          "textAlign": "center",
          "background": "#1f1f1f",
          "color": "#eee",
          "boxShadow": "0 1px 3px rgba(0,0,0,0.45), 0 0 14px 3px rgba(0,255,136,0.40)",
          "glowColor": "#00ff88"
        },
        "id": "d7e27db0-98b4-49ef-8a0a-7557de283b07.AudioWorkletFlowNode",
        "processorCode": "/** Dynamic AudioWorklet Processor Template */\nclass ExtendAudioWorkletProcessor extends AudioWorkletProcessor {\n  // inputs: AudioNode channel data\n  // outputs: AudioNode channel data to write\n  // parameters: scheduled AudioParams (none defined here)\n  process(inputs, outputs, parameters) {\n    const output = outputs[0];\n    output.forEach((channel) => {\n      for (let i = 0; i < channel.length; i+=2) {\n        channel[i] = Math.random() * 3 - 1;\n        channel[i+1] = channel[i]+0.2;\n        \n      }\n    });\n    return true;\n  }\n}\n// The host will replace __PROCESSOR_NAME__ when registering\n",
        "expanded": true,
        "hidden": false,
        "scriptName": "white noise",
        "params": []
      },
      "measured": {
        "width": 782,
        "height": 503
      },
      "selected": true,
      "dragging": false
    },
    {
      "id": "1d99ca7d-948b-47a3-948a-bdb977669abc.GainFlowNode",
      "type": "GainFlowNode",
      "position": {
        "x": -310.79143627572125,
        "y": -180.71891503516395
      },
      "data": {
        "label": "GainFlowNode Node",
        "gain": 0.29675187400356373,
        "style": {
          "padding": "10px",
          "border": "1px solid #2a3139",
          "borderRadius": "5px",
          "width": "200px",
          "textAlign": "center",
          "background": "#1f1f1f",
          "color": "#eee",
          "boxShadow": "0 1px 3px rgba(0,0,0,0.45), 0 0 8px 2px rgba(0,255,136,0.08)",
          "glowColor": "#00ff88"
        },
        "id": "1d99ca7d-948b-47a3-948a-bdb977669abc.GainFlowNode",
        "gainMidiMapping": null
      },
      "measured": {
        "width": 222,
        "height": 96
      },
      "selected": false,
      "dragging": false
    }
  ],
  "edges": [
    {
      "style": {
        "strokeWidth": 1.5,
        "strokeLinecap": "round"
      },
      "source": "d7e27db0-98b4-49ef-8a0a-7557de283b07.AudioWorkletFlowNode",
      "sourceHandle": "output",
      "target": "1d99ca7d-948b-47a3-948a-bdb977669abc.GainFlowNode",
      "targetHandle": "main-input",
      "id": "xy-edge__d7e27db0-98b4-49ef-8a0a-7557de283b07.AudioWorkletFlowNodeoutput-1d99ca7d-948b-47a3-948a-bdb977669abc.GainFlowNodemain-input"
    },
    {
      "style": {
        "strokeWidth": 1.5,
        "strokeLinecap": "round"
      },
      "source": "1d99ca7d-948b-47a3-948a-bdb977669abc.GainFlowNode",
      "sourceHandle": "output",
      "target": "e4fd8acd-76cb-405e-9b37-0de398ad3a67.AudioContextFlowNode",
      "targetHandle": "destination-input",
      "id": "xy-edge__1d99ca7d-948b-47a3-948a-bdb977669abc.GainFlowNodeoutput-e4fd8acd-76cb-405e-9b37-0de398ad3a67.AudioContextFlowNodedestination-input"
    }
  ],
  "folder_path": "",
  "updated_at": "2025-10-12 08:56:45"
}