{
  "name": "SourceBufferNode",
  "nodes": [
    {
      "id": "5d65ed85-a52a-4fb0-bd92-16dc5c784846.AudioContextFlowNode",
      "type": "AudioContextFlowNode",
      "position": {
        "x": 1143.2954435544211,
        "y": -300.20964711789816
      },
      "data": {
        "label": "AudioContextFlowNode Node",
        "style": {
          "padding": "10px",
          "border": "1px solid #ddd",
          "borderRadius": "5px",
          "width": "200px",
          "textAlign": "center",
          "background": "#1f1f1f",
          "color": "#eee",
          "glowColor": "#00ff88",
          "boxShadow": "0 1px 3px rgba(0,0,0,0.45), 0 0 8px 2px rgba(0,255,136,0.12)"
        },
        "id": "5d65ed85-a52a-4fb0-bd92-16dc5c784846.AudioContextFlowNode"
      },
      "measured": {
        "width": 222,
        "height": 69
      },
      "selected": false,
      "dragging": false
    },
    {
      "id": "e5cab3c0-2eed-4d13-846a-1c755131375c.AudioBufferSourceFlowNode",
      "type": "AudioBufferSourceFlowNode",
      "position": {
        "x": 509.5953936574648,
        "y": -296.22776873408435
      },
      "data": {
        "label": "string",
        "audioUrl": "",
        "selections": [],
        "style": {
          "padding": "10px",
          "border": "1px solid #ddd",
          "borderRadius": "5px",
          "width": "320px",
          "textAlign": "center",
          "background": "#1f1f1f",
          "color": "#eee",
          "glowColor": "#00ff88",
          "boxShadow": "0 1px 3px rgba(0,0,0,0.45), 0 0 8px 2px rgba(0,255,136,0.12)"
        },
        "id": "e5cab3c0-2eed-4d13-846a-1c755131375c.AudioBufferSourceFlowNode",
        "fileName": "Eminem - Lose Yourself.wav",
        "arrayBuffer": {},
        "segments": [
          {
            "id": "jgfgy4ln",
            "label": "Part 1",
            "start": 12,
            "end": 13
          },
          {
            "id": "w76y66u7",
            "label": "Part 2",
            "start": 14.3,
            "end": 15.62
          },
          {
            "id": "jmxo80t5",
            "label": "Part 3",
            "start": 3.94,
            "end": 4.42
          },
          {
            "id": "imat41kh",
            "label": "Part 4",
            "start": 24.59,
            "end": 25.41
          }
        ],
        "fileId": "f88ecb8ef3a2fead8beedb855e7eeb0b",
        "fileUrl": "/uploads/audio/f88ecb8ef3a2fead8beedb855e7eeb0b.wav"
      },
      "measured": {
        "width": 342,
        "height": 381
      },
      "selected": false,
      "dragging": false
    },
    {
      "id": "3010a0d4-e261-422c-9934-9f0656b5d74f.ButtonFlowNode",
      "type": "ButtonFlowNode",
      "position": {
        "x": 68.21586336276332,
        "y": -139.74671553772447
      },
      "data": {
        "label": "ButtonFlowNode Node",
        "assignedKey": "S",
        "retriggerFrequency": 1,
        "isRetriggering": false,
        "isPressed": false,
        "retriggerLength": 0.1,
        "id": "3010a0d4-e261-422c-9934-9f0656b5d74f.ButtonFlowNode",
        "style": {
          "padding": "10px",
          "border": "1px solid #ddd",
          "borderRadius": "5px",
          "width": "140px",
          "textAlign": "center",
          "background": "#333",
          "color": "#eee",
          "glowColor": "#00ff88",
          "boxShadow": "0 1px 3px rgba(0,0,0,0.45), 0 0 8px 2px rgba(0,255,136,0.12)"
        }
      },
      "measured": {
        "width": 162,
        "height": 108
      },
      "selected": false,
      "dragging": false
    },
    {
      "id": "9b0d8dc8-4058-4525-bbdf-5c13af10e6f7.ButtonFlowNode",
      "type": "ButtonFlowNode",
      "position": {
        "x": 64.83495999487343,
        "y": -19.015843390610385
      },
      "data": {
        "label": "ButtonFlowNode Node",
        "assignedKey": "D",
        "retriggerFrequency": 1,
        "isRetriggering": false,
        "isPressed": false,
        "retriggerLength": 0.1,
        "id": "9b0d8dc8-4058-4525-bbdf-5c13af10e6f7.ButtonFlowNode",
        "style": {
          "padding": "10px",
          "border": "1px solid #ddd",
          "borderRadius": "5px",
          "width": "140px",
          "textAlign": "center",
          "background": "#333",
          "color": "#eee",
          "glowColor": "#00ff88",
          "boxShadow": "0 1px 3px rgba(0,0,0,0.45), 0 0 8px 2px rgba(0,255,136,0.12)"
        }
      },
      "measured": {
        "width": 162,
        "height": 108
      },
      "selected": false,
      "dragging": false
    },
    {
      "id": "b519a148-0daa-40fe-b52d-c1c5f292dc5f.ButtonFlowNode",
      "type": "ButtonFlowNode",
      "position": {
        "x": 66.54080243806877,
        "y": 115.64977328499248
      },
      "data": {
        "label": "ButtonFlowNode Node",
        "assignedKey": "F",
        "retriggerFrequency": 1,
        "isRetriggering": false,
        "isPressed": false,
        "retriggerLength": 0.1,
        "id": "b519a148-0daa-40fe-b52d-c1c5f292dc5f.ButtonFlowNode",
        "style": {
          "padding": "10px",
          "border": "1px solid #ddd",
          "borderRadius": "5px",
          "width": "140px",
          "textAlign": "center",
          "background": "#333",
          "color": "#eee",
          "glowColor": "#00ff88",
          "boxShadow": "0 1px 3px rgba(0,0,0,0.45), 0 0 8px 2px rgba(0,255,136,0.12)"
        }
      },
      "measured": {
        "width": 162,
        "height": 108
      },
      "selected": false,
      "dragging": false
    },
    {
      "id": "325f8676-295a-4ad7-8ddd-d4ad417cef8e.ClockFlowNode",
      "type": "ClockFlowNode",
      "position": {
        "x": -234.786242393946,
        "y": -140.99891301036376
      },
      "data": {
        "label": "ClockFlowNode Node",
        "bpm": 440,
        "eventBus": {
          "events": {
            "params.updateParams": [
              null
            ],
            "e5cab3c0-2eed-4d13-846a-1c755131375c.AudioBufferSourceFlowNode.style.background": [
              null
            ],
            "7ae95539-dc48-4540-a7ca-2854d9846160.ButtonFlowNode.style.background": [
              null
            ],
            "3010a0d4-e261-422c-9934-9f0656b5d74f.ButtonFlowNode.style.background": [
              null
            ],
            "9b0d8dc8-4058-4525-bbdf-5c13af10e6f7.ButtonFlowNode.style.background": [
              null
            ],
            "b519a148-0daa-40fe-b52d-c1c5f292dc5f.ButtonFlowNode.style.background": [
              null
            ]
          },
          "id": "0ff8ff35-7ee5-4cde-baa0-7741023de340"
        },
        "style": {
          "padding": "10px",
          "border": "1px solid #ddd",
          "borderRadius": "5px",
          "width": "200px",
          "textAlign": "center",
          "background": "#444",
          "color": "#eee",
          "glowColor": "#00ff88",
          "boxShadow": "0 1px 3px rgba(0,0,0,0.45), 0 0 14px 3px rgba(0,255,136,0.40)"
        },
        "id": "325f8676-295a-4ad7-8ddd-d4ad417cef8e.ClockFlowNode",
        "sendOff": true,
        "offDelayMs": "10",
        "sendOffBeforeNextOn": false
      },
      "measured": {
        "width": 222,
        "height": 87
      },
      "selected": true,
      "dragging": false
    },
    {
      "id": "72d0b82a-5eb9-4a59-9e00-b0a9ae8e73fa.SampleFlowNode",
      "type": "SampleFlowNode",
      "position": {
        "x": 3.9203368060789927,
        "y": -263.88710852768924
      },
      "data": {
        "label": "SampleFlowNode Node",
        "id": "72d0b82a-5eb9-4a59-9e00-b0a9ae8e73fa.SampleFlowNode",
        "squares": 8,
        "activeIndex": 3,
        "pattern": [
          true,
          true,
          false,
          true,
          false,
          false,
          true,
          true
        ],
        "pulseLengths": [
          100,
          100,
          100,
          100,
          100,
          100,
          100,
          100
        ],
        "defaultPulseMs": 100,
        "style": {
          "background": "#1f1f1f",
          "border": "1px solid #2a3139",
          "borderRadius": "5px",
          "glowColor": "#00ff88",
          "boxShadow": "0 1px 3px rgba(0,0,0,0.45), 0 0 8px 2px rgba(0,255,136,0.12)",
          "color": "#eeeeee"
        },
        "gpuEnabled": true
      },
      "measured": {
        "width": 254,
        "height": 52
      },
      "selected": false,
      "dragging": false
    },
    {
      "id": "b83ff8bb-1454-4018-94db-13ef21f71d3a.SampleFrequencyFlowNode",
      "type": "SampleFrequencyFlowNode",
      "position": {
        "x": 210.76639940235822,
        "y": -387.798902628939
      },
      "data": {
        "label": "SampleFrequencyFlowNode Node",
        "id": "b83ff8bb-1454-4018-94db-13ef21f71d3a.SampleFrequencyFlowNode",
        "squares": 8,
        "pattern": [
          true,
          true,
          true,
          true,
          true,
          true,
          true,
          true
        ],
        "notes": [
          "A4",
          "A4",
          "A4",
          "A4",
          "A4",
          "A4",
          "A4",
          "A4"
        ],
        "frequencies": [
          440,
          440,
          440,
          440,
          440,
          440,
          440,
          440
        ],
        "pulseLengths": [
          100,
          100,
          100,
          100,
          100,
          100,
          100,
          100
        ],
        "defaultPulseMs": 100,
        "style": {
          "background": "#1f1f1f",
          "border": "1px solid #2a3139",
          "borderRadius": "5px",
          "glowColor": "#00ff88",
          "boxShadow": "0 1px 3px rgba(0,0,0,0.45), 0 0 8px 2px rgba(0,255,136,0.12)",
          "color": "#eeeeee"
        },
        "knobValues": [
          69,
          69,
          69,
          69,
          69,
          69,
          69,
          69
        ],
        "frequencyType": "midi",
        "gpuEnabled": true
      },
      "measured": {
        "width": 274,
        "height": 72
      },
      "selected": false,
      "dragging": false
    },
    {
      "id": "a01c2781-3c39-4b4a-a65c-88e9fc1d66f6.FrequencyFlowNode",
      "type": "FrequencyFlowNode",
      "position": {
        "x": -66.38876706261976,
        "y": -407.37491810416054
      },
      "data": {
        "label": "FrequencyFlowNode Node",
        "value": 440,
        "frequency": 440,
        "type": "sine",
        "frequencyType": "hz",
        "style": {
          "padding": "10px",
          "border": "1px solid #ddd",
          "borderRadius": "5px",
          "width": "200px",
          "textAlign": "center",
          "background": "#1f1f1f",
          "color": "#eee",
          "glowColor": "#00ff88",
          "boxShadow": "0 1px 3px rgba(0,0,0,0.45), 0 0 8px 2px rgba(0,255,136,0.12)"
        },
        "id": "a01c2781-3c39-4b4a-a65c-88e9fc1d66f6.FrequencyFlowNode",
        "knobValue": 0
      },
      "measured": {
        "width": 222,
        "height": 110
      },
      "selected": false,
      "dragging": false
    },
    {
      "id": "0ac2e804-286f-4ccd-97c0-3bb5c8fb0010.ButtonFlowNode",
      "type": "ButtonFlowNode",
      "position": {
        "x": 50.037009184750275,
        "y": 248.37246954746243
      },
      "data": {
        "label": "ButtonFlowNode Node",
        "assignedKey": "B",
        "retriggerFrequency": 1,
        "isRetriggering": false,
        "isPressed": false,
        "retriggerLength": 0.1,
        "id": "0ac2e804-286f-4ccd-97c0-3bb5c8fb0010.ButtonFlowNode",
        "style": {
          "padding": "10px",
          "border": "1px solid #2a3139",
          "borderRadius": "5px",
          "width": "140px",
          "textAlign": "center",
          "background": "#333",
          "color": "#eee",
          "boxShadow": "0 1px 3px rgba(0,0,0,0.45), 0 0 8px 2px rgba(0,255,136,0.12)",
          "glowColor": "#00ff88"
        }
      },
      "measured": {
        "width": 162,
        "height": 108
      },
      "selected": false,
      "dragging": false
    }
  ],
  "edges": [
    {
      "source": "e5cab3c0-2eed-4d13-846a-1c755131375c.AudioBufferSourceFlowNode",
      "sourceHandle": "output",
      "target": "5d65ed85-a52a-4fb0-bd92-16dc5c784846.AudioContextFlowNode",
      "targetHandle": "destination-input",
      "id": "xy-edge__e5cab3c0-2eed-4d13-846a-1c755131375c.AudioBufferSourceFlowNodeoutput-5d65ed85-a52a-4fb0-bd92-16dc5c784846.AudioContextFlowNodedestination-input"
    },
    {
      "source": "3010a0d4-e261-422c-9934-9f0656b5d74f.ButtonFlowNode",
      "sourceHandle": "output",
      "target": "e5cab3c0-2eed-4d13-846a-1c755131375c.AudioBufferSourceFlowNode",
      "targetHandle": "w76y66u7",
      "id": "xy-edge__3010a0d4-e261-422c-9934-9f0656b5d74f.ButtonFlowNodeoutput-e5cab3c0-2eed-4d13-846a-1c755131375c.AudioBufferSourceFlowNodew76y66u7",
      "selected": false
    },
    {
      "source": "9b0d8dc8-4058-4525-bbdf-5c13af10e6f7.ButtonFlowNode",
      "sourceHandle": "output",
      "target": "e5cab3c0-2eed-4d13-846a-1c755131375c.AudioBufferSourceFlowNode",
      "targetHandle": "jmxo80t5",
      "id": "xy-edge__9b0d8dc8-4058-4525-bbdf-5c13af10e6f7.ButtonFlowNodeoutput-e5cab3c0-2eed-4d13-846a-1c755131375c.AudioBufferSourceFlowNodejmxo80t5"
    },
    {
      "source": "72d0b82a-5eb9-4a59-9e00-b0a9ae8e73fa.SampleFlowNode",
      "sourceHandle": "output",
      "target": "e5cab3c0-2eed-4d13-846a-1c755131375c.AudioBufferSourceFlowNode",
      "targetHandle": "jgfgy4ln",
      "id": "xy-edge__72d0b82a-5eb9-4a59-9e00-b0a9ae8e73fa.SampleFlowNodeoutput-e5cab3c0-2eed-4d13-846a-1c755131375c.AudioBufferSourceFlowNodejgfgy4ln"
    },
    {
      "style": {
        "strokeWidth": 1.5,
        "strokeLinecap": "round"
      },
      "source": "0ac2e804-286f-4ccd-97c0-3bb5c8fb0010.ButtonFlowNode",
      "sourceHandle": "output",
      "target": "e5cab3c0-2eed-4d13-846a-1c755131375c.AudioBufferSourceFlowNode",
      "targetHandle": "imat41kh",
      "id": "xy-edge__0ac2e804-286f-4ccd-97c0-3bb5c8fb0010.ButtonFlowNodeoutput-e5cab3c0-2eed-4d13-846a-1c755131375c.AudioBufferSourceFlowNodeimat41kh"
    },
    {
      "style": {
        "strokeWidth": 1.5,
        "strokeLinecap": "round"
      },
      "source": "325f8676-295a-4ad7-8ddd-d4ad417cef8e.ClockFlowNode",
      "sourceHandle": "main-output",
      "target": "72d0b82a-5eb9-4a59-9e00-b0a9ae8e73fa.SampleFlowNode",
      "targetHandle": "advance",
      "id": "xy-edge__325f8676-295a-4ad7-8ddd-d4ad417cef8e.ClockFlowNodemain-output-72d0b82a-5eb9-4a59-9e00-b0a9ae8e73fa.SampleFlowNodeadvance"
    }
  ],
  "folder_path": "",
  "updated_at": "2025-10-03 11:01:25"
}