{
  "name": "static",
  "nodes": [
    {
      "id": "9aed5f55-474b-4cb4-bb30-44f75ceb5902.NoiseFlowNode",
      "type": "NoiseFlowNode",
      "position": {
        "x": 780.1161182461277,
        "y": 701.997732645694
      },
      "data": {
        "label": "",
        "id": "9aed5f55-474b-4cb4-bb30-44f75ceb5902.NoiseFlowNode",
        "style": {
          "padding": "5px",
          "border": "1px solid #2a3139",
          "borderRadius": "5px",
          "textAlign": "center",
          "background": "#1f1f1f",
          "color": "#eee",
          "boxShadow": "0 1px 3px rgba(0,0,0,0.45), 0 0 8px 2px rgba(0,255,136,0.08)",
          "glowColor": "#00ff88"
        },
        "noiseType": "pink",
        "processorCode": "class ExtendAudioWorkletProcessor extends AudioWorkletProcessor {\n  constructor(){\n    super();\n    this._pinkState = new Float32Array(7);\n    this._brown = 0;\n    this._grayLast = 0;\n  }\n  process(inputs, outputs, parameters){\n    const out = outputs[0]; if(!out) return true;\n    for(let ch=0; ch<out.length; ch++){\n      const buf = out[ch];\n      for(let i=0;i<buf.length;i++){\n        let sample = 0;\n        switch('pink') {\n          case 'white': sample = (Math.random()*2-1); break;\n          case 'pink': { let ps = this._pinkState; ps[0] = 0.99886 * ps[0] + Math.random() * 0.0555179; ps[1] = 0.99332 * ps[1] + Math.random() * 0.0750759; ps[2] = 0.96900 * ps[2] + Math.random() * 0.1538520; ps[3] = 0.86650 * ps[3] + Math.random() * 0.3104856; ps[4] = 0.55000 * ps[4] + Math.random() * 0.5329522; ps[5] = -0.7616 * ps[5] - Math.random() * 0.0168980; sample = ps[0]+ps[1]+ps[2]+ps[3]+ps[4]+ps[5]+ps[6] + Math.random()*0.5362; ps[6] = Math.random()*0.115926; sample *= 0.11; break; }\n          case 'brown': { this._brown += (Math.random()*2 - 1) * 0.02; if (this._brown < -1) this._brown = -1; else if (this._brown > 1) this._brown = 1; sample = this._brown; break; }\n          case 'blue': { const w1 = (Math.random()*2-1); const w2 = (Math.random()*2-1); sample = (w2 - w1); break; }\n          case 'violet': { const w1 = (Math.random()*2-1); const w2 = (Math.random()*2-1); const w3 = (Math.random()*2-1); sample = (w3 - 2*w2 + w1); break; }\n          case 'gray': { const white = (Math.random()*2-1); this._grayLast = 0.97 * this._grayLast + 0.03 * white; sample = this._grayLast; break; }\n        }\n        buf[i] = sample * 0.35;\n      }\n    }\n    return true;\n  }\n}"
      },
      "zIndex": 54,
      "measured": {
        "width": 90,
        "height": 30
      },
      "dragging": false,
      "selected": false
    },
    {
      "id": "a4dcba02-c50d-40a6-b10c-8ab44282a418.BiquadFilterFlowNode",
      "type": "BiquadFilterFlowNode",
      "position": {
        "x": 1563.8903850113952,
        "y": 42.4540387972487
      },
      "data": {
        "label": "",
        "filterType": "lowpass",
        "frequency": 2937.8504753249435,
        "detune": -0.09298275171477144,
        "Q": 5.561074007225672,
        "gain": 0.17076317811392983,
        "style": {
          "padding": "5px",
          "border": "1px solid #2a3139",
          "borderRadius": "5px",
          "textAlign": "center",
          "background": "#1f1f1f",
          "color": "#eee",
          "boxShadow": "0 1px 3px rgba(0,0,0,0.45), 0 0 8px 2px rgba(0,255,136,0.08)",
          "glowColor": "#00ff88"
        },
        "id": "a4dcba02-c50d-40a6-b10c-8ab44282a418.BiquadFilterFlowNode",
        "freqMidiMapping": null,
        "detuneMidiMapping": null,
        "qMidiMapping": null,
        "gainMidiMapping": null
      },
      "zIndex": 58,
      "measured": {
        "width": 139,
        "height": 197
      },
      "dragging": false,
      "selected": false
    },
    {
      "id": "1a42f35a-8ab3-4778-bb97-e0c7bfa5faf1.MasterOutFlowNode",
      "type": "MasterOutFlowNode",
      "position": {
        "x": 2171.078860516009,
        "y": 659.955717332121
      },
      "data": {
        "label": "",
        "style": {
          "padding": "5px",
          "border": "1px solid #2a3139",
          "borderRadius": "5px",
          "textAlign": "center",
          "background": "#1f1f1f",
          "color": "#eee",
          "boxShadow": "0 1px 3px rgba(0,0,0,0.45), 0 0 8px 2px rgba(0,255,136,0.08)",
          "glowColor": "#00ff88"
        },
        "id": "1a42f35a-8ab3-4778-bb97-e0c7bfa5faf1.MasterOutFlowNode"
      },
      "zIndex": 59,
      "measured": {
        "width": 60,
        "height": 63
      },
      "dragging": false,
      "selected": false
    },
    {
      "id": "d8636fd7-27cf-4ca8-bae7-fb7f0c943046.ButtonFlowNode",
      "type": "ButtonFlowNode",
      "position": {
        "x": 1302.7661588028482,
        "y": 453.7976747471623
      },
      "data": {
        "label": "Button",
        "assignedKey": "E",
        "retriggerFrequency": 1,
        "isRetriggering": false,
        "isPressed": false,
        "retriggerLength": 0.1,
        "id": "d8636fd7-27cf-4ca8-bae7-fb7f0c943046.ButtonFlowNode",
        "style": {
          "padding": "5px",
          "border": "1px solid #2a3139",
          "borderRadius": "5px",
          "textAlign": "center",
          "background": "#1f1f1f",
          "color": "#eee",
          "boxShadow": "0 1px 3px rgba(0,0,0,0.45), 0 0 8px 2px rgba(0,255,136,0.08)",
          "glowColor": "#00ff88",
          "width": "60px",
          "height": "60px"
        }
      },
      "zIndex": 60,
      "measured": {
        "width": 72,
        "height": 72
      },
      "dragging": false,
      "selected": false
    },
    {
      "id": "cb5d8248-401d-4838-bb83-c404e5b35ff9.OscillatorFlowNode",
      "type": "OscillatorFlowNode",
      "position": {
        "x": 1113.4302139558097,
        "y": -191.48350633335298
      },
      "data": {
        "label": "Oscillator",
        "frequency": 0.041,
        "detune": 0,
        "type": "sawtooth",
        "frequencyType": "lfo",
        "style": {
          "padding": "5px",
          "border": "1px solid #2a3139",
          "borderRadius": "5px",
          "textAlign": "center",
          "background": "#1f1f1f",
          "color": "#eee",
          "boxShadow": "0 1px 3px rgba(0,0,0,0.45), 0 0 8px 2px rgba(0,255,136,0.08)",
          "width": "60px",
          "glowColor": "#00ff88"
        },
        "id": "cb5d8248-401d-4838-bb83-c404e5b35ff9.OscillatorFlowNode",
        "knobValue": 4.853511221535381,
        "freqMidiMapping": null,
        "detuneMidiMapping": null
      },
      "zIndex": 63,
      "measured": {
        "width": 72,
        "height": 223
      },
      "dragging": false,
      "selected": false
    },
    {
      "id": "ed1f297b-ad21-4bbb-a132-e6df05e1a92b.GainFlowNode",
      "type": "GainFlowNode",
      "position": {
        "x": 1343.2434891789057,
        "y": -135.7558602536829
      },
      "data": {
        "label": "",
        "gain": 4056.9719950203144,
        "style": {
          "padding": "5px",
          "border": "1px solid #2a3139",
          "borderRadius": "5px",
          "textAlign": "center",
          "background": "#1f1f1f",
          "color": "#eee",
          "boxShadow": "0 1px 3px rgba(0,0,0,0.45), 0 0 8px 2px rgba(0,255,136,0.08)",
          "glowColor": "#00ff88"
        },
        "id": "ed1f297b-ad21-4bbb-a132-e6df05e1a92b.GainFlowNode",
        "gainMidiMapping": null
      },
      "zIndex": 64,
      "measured": {
        "width": 75,
        "height": 94
      },
      "dragging": false,
      "selected": false
    },
    {
      "id": "6fae6070-6c38-46c4-8e01-de17a8564cae.ReverbFlowNode",
      "type": "ReverbFlowNode",
      "position": {
        "x": 1783.2376365853456,
        "y": 30.056742772661096
      },
      "data": {
        "label": "",
        "id": "6fae6070-6c38-46c4-8e01-de17a8564cae.ReverbFlowNode",
        "style": {
          "padding": "5px",
          "border": "1px solid #2a3139",
          "borderRadius": "5px",
          "textAlign": "center",
          "background": "#1f1f1f",
          "color": "#eee",
          "boxShadow": "0 1px 3px rgba(0,0,0,0.45), 0 0 8px 2px rgba(0,255,136,0.08)",
          "glowColor": "#00ff88"
        },
        "seconds": 4.059282163547857,
        "decay": 1.8786123178169027,
        "reverse": false,
        "formula": "(Math.random() * 2 - 1) * Math.pow(1 - n / length, decay)",
        "secondsKnobValue": 0.2872241265286711,
        "decayKnobValue": 0.43867484234347837,
        "secondsMidiMapping": null,
        "decayMidiMapping": null
      },
      "zIndex": 65,
      "measured": {
        "width": 99,
        "height": 252
      },
      "dragging": false,
      "selected": false
    },
    {
      "id": "ee3788f7-fa6a-47d9-98e2-a25048cacaaf.GainFlowNode",
      "type": "GainFlowNode",
      "position": {
        "x": 1970.7699034271272,
        "y": 115.31313237733957
      },
      "data": {
        "label": "",
        "gain": 1.001429929382735,
        "style": {
          "padding": "5px",
          "border": "1px solid #2a3139",
          "borderRadius": "5px",
          "textAlign": "center",
          "background": "#1f1f1f",
          "color": "#eee",
          "boxShadow": "0 1px 3px rgba(0,0,0,0.45), 0 0 8px 2px rgba(0,255,136,0.08)",
          "glowColor": "#00ff88"
        },
        "id": "ee3788f7-fa6a-47d9-98e2-a25048cacaaf.GainFlowNode",
        "gainMidiMapping": null
      },
      "zIndex": 67,
      "measured": {
        "width": 75,
        "height": 94
      },
      "dragging": false,
      "selected": false
    },
    {
      "id": "7cd71dfe-d319-4839-92c8-35efdcba23b5.ButtonFlowNode",
      "type": "ButtonFlowNode",
      "position": {
        "x": 1762.0888041004273,
        "y": -143.652569196758
      },
      "data": {
        "label": "Button",
        "assignedKey": "Q",
        "retriggerFrequency": 1,
        "isRetriggering": false,
        "isPressed": false,
        "retriggerLength": 0.1,
        "id": "7cd71dfe-d319-4839-92c8-35efdcba23b5.ButtonFlowNode",
        "style": {
          "padding": "5px",
          "border": "1px solid #2a3139",
          "borderRadius": "5px",
          "textAlign": "center",
          "background": "#1f1f1f",
          "color": "#eee",
          "boxShadow": "0 1px 3px rgba(0,0,0,0.45), 0 0 8px 2px rgba(0,255,136,0.08)",
          "glowColor": "#00ff88",
          "width": "60px",
          "height": "60px"
        }
      },
      "zIndex": 68,
      "measured": {
        "width": 72,
        "height": 72
      },
      "dragging": false,
      "selected": false
    },
    {
      "id": "af4182ab-919d-456a-bc4a-d2604ad3975d.SwitchFlowNode",
      "type": "SwitchFlowNode",
      "position": {
        "x": 1913.7806875467431,
        "y": -146.16679930912784
      },
      "data": {
        "label": "",
        "numOutputs": 2,
        "activeOutput": 0,
        "id": "af4182ab-919d-456a-bc4a-d2604ad3975d.SwitchFlowNode",
        "style": {
          "padding": "5px",
          "border": "1px solid #2a3139",
          "borderRadius": "5px",
          "textAlign": "center",
          "background": "#1f1f1f",
          "color": "#eee",
          "boxShadow": "0 1px 3px rgba(0,0,0,0.45), 0 0 8px 2px rgba(0,255,136,0.08)",
          "glowColor": "#00ff88"
        }
      },
      "zIndex": 69,
      "measured": {
        "width": 82,
        "height": 110
      },
      "dragging": false,
      "selected": false
    },
    {
      "id": "93a22b6d-8574-46d2-9490-2164d5592f4a.AutomationFlowNode",
      "type": "AutomationFlowNode",
      "position": {
        "x": 2239.550158587569,
        "y": -257.498622449388
      },
      "data": {
        "label": "Automation",
        "lengthSec": 2.294278671410725,
        "loop": false,
        "points": [
          {
            "x": 0.02329450980392157,
            "y": 0.976170846865564
          },
          {
            "x": 1,
            "y": 0.5
          }
        ],
        "style": {
          "padding": "5px",
          "border": "1px solid #2a3139",
          "borderRadius": "5px",
          "textAlign": "center",
          "background": "#1f1f1f",
          "color": "#eee",
          "boxShadow": "0 1px 3px rgba(0,0,0,0.45), 0 0 8px 2px rgba(0,255,136,0.08)",
          "width": "440px",
          "glowColor": "#00ff88"
        },
        "id": "93a22b6d-8574-46d2-9490-2164d5592f4a.AutomationFlowNode",
        "min": 0,
        "max": 200,
        "nodeWidth": 260
      },
      "zIndex": 72,
      "measured": {
        "width": 272,
        "height": 199
      },
      "dragging": false,
      "selected": false
    },
    {
      "id": "92d5384a-4a96-441d-81aa-a278025fe879.AutomationFlowNode",
      "type": "AutomationFlowNode",
      "position": {
        "x": 2248.959690464951,
        "y": -33.7683885870769
      },
      "data": {
        "label": "Automation",
        "lengthSec": 0.18970262814151728,
        "loop": false,
        "points": [
          {
            "x": 0,
            "y": 0.5
          },
          {
            "x": 0.9791203855558206,
            "y": 0.9533951255261576
          }
        ],
        "style": {
          "padding": "5px",
          "border": "1px solid #2a3139",
          "borderRadius": "5px",
          "textAlign": "center",
          "background": "#1f1f1f",
          "color": "#eee",
          "boxShadow": "0 1px 3px rgba(0,0,0,0.45), 0 0 8px 2px rgba(0,255,136,0.08)",
          "width": "440px",
          "glowColor": "#00ff88"
        },
        "id": "92d5384a-4a96-441d-81aa-a278025fe879.AutomationFlowNode",
        "min": -10,
        "max": 200,
        "nodeWidth": 260
      },
      "zIndex": 73,
      "measured": {
        "width": 272,
        "height": 199
      },
      "dragging": false,
      "selected": false
    },
    {
      "id": "ef56dc3e-972b-4499-a690-16fcce5d40e7.BiquadFilterFlowNode",
      "type": "BiquadFilterFlowNode",
      "position": {
        "x": 1605.1952861880727,
        "y": 645.7735028745524
      },
      "data": {
        "label": "",
        "filterType": "lowpass",
        "frequency": 17033.27507859201,
        "detune": -0.09298275171477144,
        "Q": 5.561074007225672,
        "gain": 0.17076317811392983,
        "style": {
          "padding": "5px",
          "border": "1px solid #2a3139",
          "borderRadius": "5px",
          "textAlign": "center",
          "background": "#1f1f1f",
          "color": "#eee",
          "boxShadow": "0 1px 3px rgba(0,0,0,0.45), 0 0 8px 2px rgba(0,255,136,0.08)",
          "glowColor": "#00ff88"
        },
        "id": "ef56dc3e-972b-4499-a690-16fcce5d40e7.BiquadFilterFlowNode",
        "freqMidiMapping": null,
        "detuneMidiMapping": null,
        "qMidiMapping": null,
        "gainMidiMapping": null
      },
      "zIndex": 74,
      "measured": {
        "width": 139,
        "height": 197
      },
      "dragging": false,
      "selected": false
    },
    {
      "id": "1b8b27b1-0edc-4a8a-95fb-c4dd874e838f.GainFlowNode",
      "type": "GainFlowNode",
      "position": {
        "x": 1999.613577626791,
        "y": 694.1204119342967
      },
      "data": {
        "label": "",
        "gain": 2.2495429182331526,
        "style": {
          "padding": "5px",
          "border": "1px solid #2a3139",
          "borderRadius": "5px",
          "textAlign": "center",
          "background": "#1f1f1f",
          "color": "#eee",
          "boxShadow": "0 1px 3px rgba(0,0,0,0.45), 0 0 8px 2px rgba(0,255,136,0.08)",
          "glowColor": "#00ff88"
        },
        "id": "1b8b27b1-0edc-4a8a-95fb-c4dd874e838f.GainFlowNode",
        "gainMidiMapping": null
      },
      "zIndex": 78,
      "measured": {
        "width": 75,
        "height": 94
      },
      "dragging": false,
      "selected": false
    },
    {
      "id": "90f07d62-5a8e-4058-a46f-1246f70aeca7.ADSRFlowNode",
      "type": "ADSRFlowNode",
      "position": {
        "x": 1518.321050589386,
        "y": 342.990972638236
      },
      "data": {
        "label": "ADSR",
        "attackTime": 0.001,
        "decayTime": 0.2,
        "sustainLevel": 0.968,
        "releaseTime": 0.01,
        "maxTime": 10,
        "style": {
          "padding": "5px",
          "border": "1px solid #2a3139",
          "borderRadius": "5px",
          "textAlign": "center",
          "background": "#1f1f1f",
          "color": "#eee",
          "boxShadow": "0 1px 3px rgba(0,0,0,0.45), 0 0 8px 2px rgba(0,255,136,0.08)",
          "glowColor": "#00ff88"
        },
        "id": "90f07d62-5a8e-4058-a46f-1246f70aeca7.ADSRFlowNode",
        "sustainTime": 0.001,
        "minPercent": 0,
        "maxPercent": 100,
        "lengthSec": 0.201
      },
      "zIndex": 80,
      "measured": {
        "width": 212,
        "height": 227
      },
      "dragging": false,
      "selected": false
    },
    {
      "id": "3927a15a-e1f3-4b93-9ec5-03d18c89acec.ReverbFlowNode",
      "type": "ReverbFlowNode",
      "position": {
        "x": 1836.1798955552904,
        "y": 617.123204010947
      },
      "data": {
        "label": "",
        "id": "3927a15a-e1f3-4b93-9ec5-03d18c89acec.ReverbFlowNode",
        "style": {
          "padding": "5px",
          "border": "1px solid #2a3139",
          "borderRadius": "5px",
          "textAlign": "center",
          "background": "#1f1f1f",
          "color": "#eee",
          "boxShadow": "0 1px 3px rgba(0,0,0,0.45), 0 0 8px 2px rgba(0,255,136,0.08)",
          "glowColor": "#00ff88"
        },
        "seconds": 1.3377873639205804,
        "decay": 5.3884658744159735,
        "reverse": false,
        "formula": "(Math.random() * 2 - 1) * Math.pow(1 - n / length, decay)",
        "secondsKnobValue": 0.2298986669211722,
        "decayKnobValue": 0.41535470502188826,
        "secondsMidiMapping": null,
        "decayMidiMapping": null
      },
      "zIndex": 81,
      "measured": {
        "width": 99,
        "height": 252
      },
      "dragging": false,
      "selected": false
    },
    {
      "id": "8c1d1f34-ceda-4f69-81f1-407fec9100d5.NoiseFlowNode",
      "type": "NoiseFlowNode",
      "position": {
        "x": 752.2644162932522,
        "y": 928.2548776548215
      },
      "data": {
        "label": "",
        "id": "8c1d1f34-ceda-4f69-81f1-407fec9100d5.NoiseFlowNode",
        "style": {
          "padding": "5px",
          "border": "1px solid #2a3139",
          "borderRadius": "5px",
          "textAlign": "center",
          "background": "#1f1f1f",
          "color": "#eee",
          "boxShadow": "0 1px 3px rgba(0,0,0,0.45), 0 0 8px 2px rgba(0,255,136,0.08)",
          "glowColor": "#00ff88"
        },
        "noiseType": "white",
        "processorCode": "class ExtendAudioWorkletProcessor extends AudioWorkletProcessor {\n  constructor(){\n    super();\n    this._pinkState = new Float32Array(7);\n    this._brown = 0;\n    this._grayLast = 0;\n  }\n  process(inputs, outputs, parameters){\n    const out = outputs[0]; if(!out) return true;\n    for(let ch=0; ch<out.length; ch++){\n      const buf = out[ch];\n      for(let i=0;i<buf.length;i++){\n        let sample = 0;\n        switch('white') {\n          case 'white': sample = (Math.random()*2-1); break;\n          case 'pink': { let ps = this._pinkState; ps[0] = 0.99886 * ps[0] + Math.random() * 0.0555179; ps[1] = 0.99332 * ps[1] + Math.random() * 0.0750759; ps[2] = 0.96900 * ps[2] + Math.random() * 0.1538520; ps[3] = 0.86650 * ps[3] + Math.random() * 0.3104856; ps[4] = 0.55000 * ps[4] + Math.random() * 0.5329522; ps[5] = -0.7616 * ps[5] - Math.random() * 0.0168980; sample = ps[0]+ps[1]+ps[2]+ps[3]+ps[4]+ps[5]+ps[6] + Math.random()*0.5362; ps[6] = Math.random()*0.115926; sample *= 0.11; break; }\n          case 'brown': { this._brown += (Math.random()*2 - 1) * 0.02; if (this._brown < -1) this._brown = -1; else if (this._brown > 1) this._brown = 1; sample = this._brown; break; }\n          case 'blue': { const w1 = (Math.random()*2-1); const w2 = (Math.random()*2-1); sample = (w2 - w1); break; }\n          case 'violet': { const w1 = (Math.random()*2-1); const w2 = (Math.random()*2-1); const w3 = (Math.random()*2-1); sample = (w3 - 2*w2 + w1); break; }\n          case 'gray': { const white = (Math.random()*2-1); this._grayLast = 0.97 * this._grayLast + 0.03 * white; sample = this._grayLast; break; }\n        }\n        buf[i] = sample * 0.35;\n      }\n    }\n    return true;\n  }\n}"
      },
      "zIndex": 82,
      "measured": {
        "width": 90,
        "height": 30
      },
      "dragging": false,
      "selected": false
    },
    {
      "id": "ec73fa65-41e6-4bcf-bc78-fcc75834f614.ADSRFlowNode",
      "type": "ADSRFlowNode",
      "position": {
        "x": 1054.4320882002112,
        "y": 749.8116015616602
      },
      "data": {
        "label": "ADSR",
        "attackTime": 0.01,
        "decayTime": 0.2,
        "sustainLevel": 0.726,
        "releaseTime": 0.025,
        "maxTime": 10,
        "style": {
          "padding": "5px",
          "border": "1px solid #2a3139",
          "borderRadius": "5px",
          "textAlign": "center",
          "background": "#1f1f1f",
          "color": "#eee",
          "boxShadow": "0 1px 3px rgba(0,0,0,0.45), 0 0 8px 2px rgba(0,255,136,0.08)",
          "glowColor": "#00ff88"
        },
        "id": "ec73fa65-41e6-4bcf-bc78-fcc75834f614.ADSRFlowNode",
        "sustainTime": 0.05,
        "minPercent": 0,
        "maxPercent": 100,
        "lengthSec": 0.101
      },
      "zIndex": 84,
      "measured": {
        "width": 212,
        "height": 227
      },
      "dragging": false,
      "selected": false
    },
    {
      "id": "05f7f655-1462-46fd-8001-c11a71eb9f2d.BiquadFilterFlowNode",
      "type": "BiquadFilterFlowNode",
      "position": {
        "x": 1393.3586180568338,
        "y": 845.6726125729755
      },
      "data": {
        "label": "",
        "filterType": "lowpass",
        "frequency": 1622.3241101948333,
        "detune": 314.9141504289903,
        "Q": 11.941100047787762,
        "gain": 0.2242863920066469,
        "style": {
          "padding": "5px",
          "border": "1px solid #2a3139",
          "borderRadius": "5px",
          "textAlign": "center",
          "background": "#1f1f1f",
          "color": "#eee",
          "boxShadow": "0 1px 3px rgba(0,0,0,0.45), 0 0 8px 2px rgba(0,255,136,0.08)",
          "glowColor": "#00ff88"
        },
        "id": "05f7f655-1462-46fd-8001-c11a71eb9f2d.BiquadFilterFlowNode",
        "freqMidiMapping": null,
        "detuneMidiMapping": null,
        "qMidiMapping": null,
        "gainMidiMapping": null,
        "type": "lowpass"
      },
      "zIndex": 85,
      "measured": {
        "width": 139,
        "height": 197
      },
      "dragging": false,
      "selected": false
    },
    {
      "id": "118cd7e8-6fa1-4ddc-bed6-82dfa812568e.ButtonFlowNode",
      "type": "ButtonFlowNode",
      "position": {
        "x": 857.574383404211,
        "y": 778.2586254959929
      },
      "data": {
        "label": "Button",
        "assignedKey": "W",
        "retriggerFrequency": 1,
        "isRetriggering": false,
        "isPressed": false,
        "retriggerLength": 0.1,
        "id": "118cd7e8-6fa1-4ddc-bed6-82dfa812568e.ButtonFlowNode",
        "style": {
          "padding": "5px",
          "border": "1px solid #2a3139",
          "borderRadius": "5px",
          "textAlign": "center",
          "background": "#1f1f1f",
          "color": "#eee",
          "boxShadow": "0 1px 3px rgba(0,0,0,0.45), 0 0 8px 2px rgba(0,255,136,0.08)",
          "glowColor": "#00ff88",
          "width": "60px",
          "height": "60px"
        }
      },
      "zIndex": 86,
      "measured": {
        "width": 72,
        "height": 72
      },
      "dragging": false,
      "selected": false
    },
    {
      "id": "b7bbeb65-5ae3-4aeb-a269-6d8cd5517efb.GainFlowNode",
      "type": "GainFlowNode",
      "position": {
        "x": 1630.3245025568262,
        "y": 962.5503120214289
      },
      "data": {
        "label": "",
        "gain": 0.9747889071244166,
        "style": {
          "padding": "5px",
          "border": "1px solid #2a3139",
          "borderRadius": "5px",
          "textAlign": "center",
          "background": "#1f1f1f",
          "color": "#eee",
          "boxShadow": "0 1px 3px rgba(0,0,0,0.45), 0 0 8px 2px rgba(0,255,136,0.08)",
          "glowColor": "#00ff88"
        },
        "id": "b7bbeb65-5ae3-4aeb-a269-6d8cd5517efb.GainFlowNode",
        "gainMidiMapping": null
      },
      "zIndex": 87,
      "measured": {
        "width": 75,
        "height": 94
      },
      "dragging": false,
      "selected": false
    },
    {
      "id": "cab9297b-867e-4761-b9fc-6547afffb9a9.SequencerFlowNode",
      "type": "SequencerFlowNode",
      "position": {
        "x": 198.71954222724247,
        "y": 640.8987723883563
      },
      "data": {
        "label": "Sequencer",
        "id": "cab9297b-867e-4761-b9fc-6547afffb9a9.SequencerFlowNode",
        "style": {
          "padding": "5px",
          "border": "1px solid #2a3139",
          "borderRadius": "5px",
          "textAlign": "center",
          "background": "#1f1f1f",
          "color": "#eee",
          "boxShadow": "0 1px 3px rgba(0,0,0,0.45), 0 0 8px 2px rgba(0,255,136,0.08)",
          "glowColor": "#00ff88"
        },
        "squares": 8,
        "rows": 2,
        "patterns": [
          [
            true,
            false,
            false,
            true,
            false,
            true,
            false,
            false
          ],
          [
            false,
            false,
            true,
            false,
            false,
            false,
            true,
            false
          ]
        ],
        "defaultPulseMs": 100,
        "gpuEnabled": true,
        "pulseLengths": [
          100,
          100,
          100,
          100,
          100,
          100,
          100,
          100
        ],
        "activeIndex": 7
      },
      "zIndex": 89,
      "measured": {
        "width": 274,
        "height": 84
      },
      "dragging": false,
      "selected": false
    },
    {
      "id": "5f7a6205-b6c1-4b84-ace9-a8178e88d984.ClockFlowNode",
      "type": "ClockFlowNode",
      "position": {
        "x": -220.90599639942954,
        "y": 645.8298680578181
      },
      "data": {
        "label": "",
        "bpm": 240,
        "isEmitting": true,
        "eventBus": {
          "events": {
            "params.updateParams": [
              null,
              null,
              null,
              null,
              null,
              null,
              null,
              null,
              null,
              null,
              null,
              null,
              null,
              null,
              null
            ],
            "9aed5f55-474b-4cb4-bb30-44f75ceb5902.NoiseFlowNode.params.updateParams": [
              null,
              null,
              null,
              null,
              null,
              null,
              null,
              null,
              null,
              null,
              null,
              null,
              null,
              null
            ],
            "9aed5f55-474b-4cb4-bb30-44f75ceb5902.NoiseFlowNode.processor.save": [
              null,
              null,
              null,
              null,
              null,
              null,
              null
            ],
            "9aed5f55-474b-4cb4-bb30-44f75ceb5902.NoiseFlowNode.processor.paramsChanged": [
              null,
              null,
              null,
              null,
              null,
              null,
              null
            ],
            "processor.paramsChanged": [
              null,
              null,
              null,
              null,
              null,
              null,
              null,
              null,
              null,
              null,
              null,
              null,
              null,
              null
            ],
            "a4dcba02-c50d-40a6-b10c-8ab44282a418.BiquadFilterFlowNode.params.updateParams": [
              null,
              null,
              null,
              null,
              null,
              null,
              null
            ],
            "d8636fd7-27cf-4ca8-bae7-fb7f0c943046.ButtonFlowNode.updateParams.midiLearn": [
              null,
              null,
              null,
              null,
              null,
              null,
              null
            ],
            "d8636fd7-27cf-4ca8-bae7-fb7f0c943046.ButtonFlowNode.main-input.sendNodeOn": [
              null,
              null,
              null,
              null,
              null,
              null,
              null
            ],
            "d8636fd7-27cf-4ca8-bae7-fb7f0c943046.ButtonFlowNode.main-input.sendNodeOff": [
              null,
              null,
              null,
              null,
              null,
              null,
              null
            ],
            "ed1f297b-ad21-4bbb-a132-e6df05e1a92b.GainFlowNode.params.updateParams": [
              null,
              null,
              null,
              null,
              null,
              null,
              null
            ],
            "6fae6070-6c38-46c4-8e01-de17a8564cae.ReverbFlowNode.params.updateParams": [
              null,
              null,
              null,
              null,
              null,
              null,
              null
            ],
            "ee3788f7-fa6a-47d9-98e2-a25048cacaaf.GainFlowNode.params.updateParams": [
              null,
              null,
              null,
              null,
              null,
              null,
              null
            ],
            "7cd71dfe-d319-4839-92c8-35efdcba23b5.ButtonFlowNode.updateParams.midiLearn": [
              null,
              null,
              null,
              null,
              null,
              null,
              null
            ],
            "7cd71dfe-d319-4839-92c8-35efdcba23b5.ButtonFlowNode.main-input.sendNodeOn": [
              null,
              null,
              null,
              null,
              null,
              null,
              null
            ],
            "7cd71dfe-d319-4839-92c8-35efdcba23b5.ButtonFlowNode.main-input.sendNodeOff": [
              null,
              null,
              null,
              null,
              null,
              null,
              null
            ],
            "af4182ab-919d-456a-bc4a-d2604ad3975d.SwitchFlowNode.params.updateParams": [
              null,
              null,
              null,
              null,
              null,
              null,
              null
            ],
            "af4182ab-919d-456a-bc4a-d2604ad3975d.SwitchFlowNode.main-input.receiveNodeOn": [
              null,
              null,
              null,
              null,
              null,
              null,
              null
            ],
            "af4182ab-919d-456a-bc4a-d2604ad3975d.SwitchFlowNode.reset-input.receiveNodeOn": [
              null,
              null,
              null,
              null,
              null,
              null,
              null
            ],
            "af4182ab-919d-456a-bc4a-d2604ad3975d.SwitchFlowNode.main-input.sendNodeOn": [
              null,
              null,
              null,
              null,
              null,
              null,
              null
            ],
            "93a22b6d-8574-46d2-9490-2164d5592f4a.AutomationFlowNode.params.updateParams": [
              null,
              null,
              null,
              null,
              null,
              null,
              null,
              null,
              null,
              null,
              null,
              null,
              null,
              null
            ],
            "93a22b6d-8574-46d2-9490-2164d5592f4a.AutomationFlowNode.main-input.receiveNodeOn": [
              null,
              null,
              null,
              null,
              null,
              null,
              null
            ],
            "93a22b6d-8574-46d2-9490-2164d5592f4a.AutomationFlowNode.main-input.receiveNodeOff": [
              null,
              null,
              null,
              null,
              null,
              null,
              null
            ],
            "93a22b6d-8574-46d2-9490-2164d5592f4a.AutomationFlowNode.main-input.sendNodeOn": [
              null,
              null,
              null,
              null,
              null,
              null,
              null
            ],
            "93a22b6d-8574-46d2-9490-2164d5592f4a.AutomationFlowNode.main-input.sendNodeOff": [
              null,
              null,
              null,
              null,
              null,
              null,
              null
            ],
            "92d5384a-4a96-441d-81aa-a278025fe879.AutomationFlowNode.params.updateParams": [
              null,
              null,
              null,
              null,
              null,
              null,
              null,
              null,
              null,
              null,
              null,
              null,
              null,
              null
            ],
            "92d5384a-4a96-441d-81aa-a278025fe879.AutomationFlowNode.main-input.receiveNodeOn": [
              null,
              null,
              null,
              null,
              null,
              null,
              null
            ],
            "92d5384a-4a96-441d-81aa-a278025fe879.AutomationFlowNode.main-input.receiveNodeOff": [
              null,
              null,
              null,
              null,
              null,
              null,
              null
            ],
            "92d5384a-4a96-441d-81aa-a278025fe879.AutomationFlowNode.main-input.sendNodeOn": [
              null,
              null,
              null,
              null,
              null,
              null,
              null
            ],
            "92d5384a-4a96-441d-81aa-a278025fe879.AutomationFlowNode.main-input.sendNodeOff": [
              null,
              null,
              null,
              null,
              null,
              null,
              null
            ],
            "ef56dc3e-972b-4499-a690-16fcce5d40e7.BiquadFilterFlowNode.params.updateParams": [
              null,
              null,
              null,
              null,
              null,
              null,
              null
            ],
            "1b8b27b1-0edc-4a8a-95fb-c4dd874e838f.GainFlowNode.params.updateParams": [
              null,
              null,
              null,
              null,
              null,
              null,
              null
            ],
            "90f07d62-5a8e-4058-a46f-1246f70aeca7.ADSRFlowNode.params.updateParams": [
              null,
              null,
              null,
              null,
              null,
              null,
              null,
              null,
              null,
              null,
              null,
              null,
              null,
              null
            ],
            "90f07d62-5a8e-4058-a46f-1246f70aeca7.ADSRFlowNode.main-input.receiveNodeOn": [
              null,
              null,
              null,
              null,
              null,
              null,
              null
            ],
            "90f07d62-5a8e-4058-a46f-1246f70aeca7.ADSRFlowNode.main-input.receiveNodeOff": [
              null,
              null,
              null,
              null,
              null,
              null,
              null
            ],
            "90f07d62-5a8e-4058-a46f-1246f70aeca7.ADSRFlowNode.attack-input.receiveNodeOn": [
              null,
              null,
              null,
              null,
              null,
              null,
              null
            ],
            "90f07d62-5a8e-4058-a46f-1246f70aeca7.ADSRFlowNode.sustainTime-input.receiveNodeOn": [
              null,
              null,
              null,
              null,
              null,
              null,
              null
            ],
            "90f07d62-5a8e-4058-a46f-1246f70aeca7.ADSRFlowNode.sustainLevel-input.receiveNodeOn": [
              null,
              null,
              null,
              null,
              null,
              null,
              null
            ],
            "90f07d62-5a8e-4058-a46f-1246f70aeca7.ADSRFlowNode.release-input.receiveNodeOn": [
              null,
              null,
              null,
              null,
              null,
              null,
              null
            ],
            "90f07d62-5a8e-4058-a46f-1246f70aeca7.ADSRFlowNode.minPercent-input.receiveNodeOn": [
              null,
              null,
              null,
              null,
              null,
              null,
              null
            ],
            "90f07d62-5a8e-4058-a46f-1246f70aeca7.ADSRFlowNode.maxPercent-input.receiveNodeOn": [
              null,
              null,
              null,
              null,
              null,
              null,
              null
            ],
            "3927a15a-e1f3-4b93-9ec5-03d18c89acec.ReverbFlowNode.params.updateParams": [
              null,
              null,
              null,
              null,
              null,
              null,
              null
            ],
            "8c1d1f34-ceda-4f69-81f1-407fec9100d5.NoiseFlowNode.params.updateParams": [
              null,
              null,
              null,
              null,
              null,
              null,
              null,
              null,
              null,
              null,
              null,
              null,
              null,
              null
            ],
            "8c1d1f34-ceda-4f69-81f1-407fec9100d5.NoiseFlowNode.processor.save": [
              null,
              null,
              null,
              null,
              null,
              null,
              null
            ],
            "8c1d1f34-ceda-4f69-81f1-407fec9100d5.NoiseFlowNode.processor.paramsChanged": [
              null,
              null,
              null,
              null,
              null,
              null,
              null
            ],
            "ec73fa65-41e6-4bcf-bc78-fcc75834f614.ADSRFlowNode.params.updateParams": [
              null,
              null,
              null,
              null,
              null,
              null,
              null,
              null,
              null,
              null,
              null,
              null,
              null,
              null
            ],
            "ec73fa65-41e6-4bcf-bc78-fcc75834f614.ADSRFlowNode.main-input.receiveNodeOn": [
              null,
              null,
              null,
              null,
              null,
              null,
              null
            ],
            "ec73fa65-41e6-4bcf-bc78-fcc75834f614.ADSRFlowNode.main-input.receiveNodeOff": [
              null,
              null,
              null,
              null,
              null,
              null,
              null
            ],
            "ec73fa65-41e6-4bcf-bc78-fcc75834f614.ADSRFlowNode.attack-input.receiveNodeOn": [
              null,
              null,
              null,
              null,
              null,
              null,
              null
            ],
            "ec73fa65-41e6-4bcf-bc78-fcc75834f614.ADSRFlowNode.sustainTime-input.receiveNodeOn": [
              null,
              null,
              null,
              null,
              null,
              null,
              null
            ],
            "ec73fa65-41e6-4bcf-bc78-fcc75834f614.ADSRFlowNode.sustainLevel-input.receiveNodeOn": [
              null,
              null,
              null,
              null,
              null,
              null,
              null
            ],
            "ec73fa65-41e6-4bcf-bc78-fcc75834f614.ADSRFlowNode.release-input.receiveNodeOn": [
              null,
              null,
              null,
              null,
              null,
              null,
              null
            ],
            "ec73fa65-41e6-4bcf-bc78-fcc75834f614.ADSRFlowNode.minPercent-input.receiveNodeOn": [
              null,
              null,
              null,
              null,
              null,
              null,
              null
            ],
            "ec73fa65-41e6-4bcf-bc78-fcc75834f614.ADSRFlowNode.maxPercent-input.receiveNodeOn": [
              null,
              null,
              null,
              null,
              null,
              null,
              null
            ],
            "05f7f655-1462-46fd-8001-c11a71eb9f2d.BiquadFilterFlowNode.params.updateParams": [
              null,
              null,
              null,
              null,
              null,
              null,
              null
            ],
            "118cd7e8-6fa1-4ddc-bed6-82dfa812568e.ButtonFlowNode.updateParams.midiLearn": [
              null,
              null,
              null,
              null,
              null,
              null,
              null
            ],
            "118cd7e8-6fa1-4ddc-bed6-82dfa812568e.ButtonFlowNode.main-input.sendNodeOn": [
              null,
              null,
              null,
              null,
              null,
              null,
              null
            ],
            "118cd7e8-6fa1-4ddc-bed6-82dfa812568e.ButtonFlowNode.main-input.sendNodeOff": [
              null,
              null,
              null,
              null,
              null,
              null,
              null
            ],
            "b7bbeb65-5ae3-4aeb-a269-6d8cd5517efb.GainFlowNode.params.updateParams": [
              null,
              null,
              null,
              null,
              null,
              null,
              null
            ],
            "FlowNode.cab9297b-867e-4761-b9fc-6547afffb9a9.SequencerFlowNode.params.updateParams": [
              null
            ],
            "cab9297b-867e-4761-b9fc-6547afffb9a9.SequencerFlowNode.G.receiveNodeOn": [
              null
            ],
            "cab9297b-867e-4761-b9fc-6547afffb9a9.SequencerFlowNode.G.receivenodeOn": [
              null
            ],
            "cab9297b-867e-4761-b9fc-6547afffb9a9.SequencerFlowNode.G.receiveNodeOff": [
              null
            ],
            "cab9297b-867e-4761-b9fc-6547afffb9a9.SequencerFlowNode.G.receivenodeOff": [
              null
            ],
            "cab9297b-867e-4761-b9fc-6547afffb9a9.SequencerFlowNode.params.updateParams": [
              null,
              null,
              null,
              null,
              null,
              null,
              null,
              null
            ],
            "cab9297b-867e-4761-b9fc-6547afffb9a9.SequencerFlowNode.advance.receiveNodeOn": [
              null,
              null,
              null,
              null
            ],
            "cab9297b-867e-4761-b9fc-6547afffb9a9.SequencerFlowNode.advance.receivenodeOn": [
              null,
              null,
              null,
              null
            ],
            "cab9297b-867e-4761-b9fc-6547afffb9a9.SequencerFlowNode.reset.receiveNodeOn": [
              null,
              null,
              null,
              null
            ],
            "cab9297b-867e-4761-b9fc-6547afffb9a9.SequencerFlowNode.reset.receivenodeOn": [
              null,
              null,
              null,
              null
            ],
            "cab9297b-867e-4761-b9fc-6547afffb9a9.SequencerFlowNode.main-input.receiveNodeOn": [
              null,
              null,
              null,
              null
            ],
            "cab9297b-867e-4761-b9fc-6547afffb9a9.SequencerFlowNode.main-input.receivenodeOn": [
              null,
              null,
              null,
              null
            ],
            "cab9297b-867e-4761-b9fc-6547afffb9a9.SequencerFlowNode.main-input.sendNodeOn": [
              null,
              null,
              null,
              null
            ],
            "cab9297b-867e-4761-b9fc-6547afffb9a9.SequencerFlowNode.row-0.sendNodeOn": [
              null,
              null,
              null,
              null
            ],
            "cab9297b-867e-4761-b9fc-6547afffb9a9.SequencerFlowNode.row-1.sendNodeOn": [
              null,
              null,
              null,
              null
            ],
            "cab9297b-867e-4761-b9fc-6547afffb9a9.SequencerFlowNode.row-2.sendNodeOn": [
              null,
              null,
              null,
              null
            ],
            "cab9297b-867e-4761-b9fc-6547afffb9a9.SequencerFlowNode.row-3.sendNodeOn": [
              null,
              null,
              null,
              null
            ],
            "cab9297b-867e-4761-b9fc-6547afffb9a9.SequencerFlowNode.row-4.sendNodeOn": [
              null,
              null,
              null,
              null
            ],
            "cab9297b-867e-4761-b9fc-6547afffb9a9.SequencerFlowNode.row-5.sendNodeOn": [
              null,
              null,
              null,
              null
            ],
            "cab9297b-867e-4761-b9fc-6547afffb9a9.SequencerFlowNode.row-6.sendNodeOn": [
              null,
              null,
              null,
              null
            ],
            "cab9297b-867e-4761-b9fc-6547afffb9a9.SequencerFlowNode.row-7.sendNodeOn": [
              null,
              null,
              null,
              null
            ],
            "cab9297b-867e-4761-b9fc-6547afffb9a9.SequencerFlowNode.row-8.sendNodeOn": [
              null,
              null,
              null,
              null
            ],
            "cab9297b-867e-4761-b9fc-6547afffb9a9.SequencerFlowNode.row-9.sendNodeOn": [
              null,
              null,
              null,
              null
            ],
            "cab9297b-867e-4761-b9fc-6547afffb9a9.SequencerFlowNode.row-10.sendNodeOn": [
              null,
              null,
              null,
              null
            ],
            "cab9297b-867e-4761-b9fc-6547afffb9a9.SequencerFlowNode.row-11.sendNodeOn": [
              null,
              null,
              null,
              null
            ],
            "cab9297b-867e-4761-b9fc-6547afffb9a9.SequencerFlowNode.row-12.sendNodeOn": [
              null,
              null,
              null,
              null
            ],
            "cab9297b-867e-4761-b9fc-6547afffb9a9.SequencerFlowNode.row-13.sendNodeOn": [
              null,
              null,
              null,
              null
            ],
            "cab9297b-867e-4761-b9fc-6547afffb9a9.SequencerFlowNode.row-14.sendNodeOn": [
              null,
              null,
              null,
              null
            ],
            "cab9297b-867e-4761-b9fc-6547afffb9a9.SequencerFlowNode.row-15.sendNodeOn": [
              null,
              null,
              null,
              null
            ],
            "cab9297b-867e-4761-b9fc-6547afffb9a9.SequencerFlowNode.row-16.sendNodeOn": [
              null,
              null,
              null,
              null
            ],
            "cab9297b-867e-4761-b9fc-6547afffb9a9.SequencerFlowNode.row-17.sendNodeOn": [
              null,
              null,
              null,
              null
            ],
            "cab9297b-867e-4761-b9fc-6547afffb9a9.SequencerFlowNode.row-18.sendNodeOn": [
              null,
              null,
              null,
              null
            ],
            "cab9297b-867e-4761-b9fc-6547afffb9a9.SequencerFlowNode.row-19.sendNodeOn": [
              null,
              null,
              null,
              null
            ],
            "cab9297b-867e-4761-b9fc-6547afffb9a9.SequencerFlowNode.row-20.sendNodeOn": [
              null,
              null,
              null,
              null
            ],
            "cab9297b-867e-4761-b9fc-6547afffb9a9.SequencerFlowNode.row-21.sendNodeOn": [
              null,
              null,
              null,
              null
            ],
            "cab9297b-867e-4761-b9fc-6547afffb9a9.SequencerFlowNode.row-22.sendNodeOn": [
              null,
              null,
              null,
              null
            ],
            "cab9297b-867e-4761-b9fc-6547afffb9a9.SequencerFlowNode.row-23.sendNodeOn": [
              null,
              null,
              null,
              null
            ],
            "cab9297b-867e-4761-b9fc-6547afffb9a9.SequencerFlowNode.row-24.sendNodeOn": [
              null,
              null,
              null,
              null
            ],
            "cab9297b-867e-4761-b9fc-6547afffb9a9.SequencerFlowNode.main-input.sendNodeOff": [
              null,
              null,
              null,
              null
            ],
            "cab9297b-867e-4761-b9fc-6547afffb9a9.SequencerFlowNode.row-0.sendNodeOff": [
              null,
              null,
              null,
              null
            ],
            "cab9297b-867e-4761-b9fc-6547afffb9a9.SequencerFlowNode.row-1.sendNodeOff": [
              null,
              null,
              null,
              null
            ],
            "cab9297b-867e-4761-b9fc-6547afffb9a9.SequencerFlowNode.row-2.sendNodeOff": [
              null,
              null,
              null,
              null
            ],
            "cab9297b-867e-4761-b9fc-6547afffb9a9.SequencerFlowNode.row-3.sendNodeOff": [
              null,
              null,
              null,
              null
            ],
            "cab9297b-867e-4761-b9fc-6547afffb9a9.SequencerFlowNode.row-4.sendNodeOff": [
              null,
              null,
              null,
              null
            ],
            "cab9297b-867e-4761-b9fc-6547afffb9a9.SequencerFlowNode.row-5.sendNodeOff": [
              null,
              null,
              null,
              null
            ],
            "cab9297b-867e-4761-b9fc-6547afffb9a9.SequencerFlowNode.row-6.sendNodeOff": [
              null,
              null,
              null,
              null
            ],
            "cab9297b-867e-4761-b9fc-6547afffb9a9.SequencerFlowNode.row-7.sendNodeOff": [
              null,
              null,
              null,
              null
            ],
            "cab9297b-867e-4761-b9fc-6547afffb9a9.SequencerFlowNode.row-8.sendNodeOff": [
              null,
              null,
              null,
              null
            ],
            "cab9297b-867e-4761-b9fc-6547afffb9a9.SequencerFlowNode.row-9.sendNodeOff": [
              null,
              null,
              null,
              null
            ],
            "cab9297b-867e-4761-b9fc-6547afffb9a9.SequencerFlowNode.row-10.sendNodeOff": [
              null,
              null,
              null,
              null
            ],
            "cab9297b-867e-4761-b9fc-6547afffb9a9.SequencerFlowNode.row-11.sendNodeOff": [
              null,
              null,
              null,
              null
            ],
            "cab9297b-867e-4761-b9fc-6547afffb9a9.SequencerFlowNode.row-12.sendNodeOff": [
              null,
              null,
              null,
              null
            ],
            "cab9297b-867e-4761-b9fc-6547afffb9a9.SequencerFlowNode.row-13.sendNodeOff": [
              null,
              null,
              null,
              null
            ],
            "cab9297b-867e-4761-b9fc-6547afffb9a9.SequencerFlowNode.row-14.sendNodeOff": [
              null,
              null,
              null,
              null
            ],
            "cab9297b-867e-4761-b9fc-6547afffb9a9.SequencerFlowNode.row-15.sendNodeOff": [
              null,
              null,
              null,
              null
            ],
            "cab9297b-867e-4761-b9fc-6547afffb9a9.SequencerFlowNode.row-16.sendNodeOff": [
              null,
              null,
              null,
              null
            ],
            "cab9297b-867e-4761-b9fc-6547afffb9a9.SequencerFlowNode.row-17.sendNodeOff": [
              null,
              null,
              null,
              null
            ],
            "cab9297b-867e-4761-b9fc-6547afffb9a9.SequencerFlowNode.row-18.sendNodeOff": [
              null,
              null,
              null,
              null
            ],
            "cab9297b-867e-4761-b9fc-6547afffb9a9.SequencerFlowNode.row-19.sendNodeOff": [
              null,
              null,
              null,
              null
            ],
            "cab9297b-867e-4761-b9fc-6547afffb9a9.SequencerFlowNode.row-20.sendNodeOff": [
              null,
              null,
              null,
              null
            ],
            "cab9297b-867e-4761-b9fc-6547afffb9a9.SequencerFlowNode.row-21.sendNodeOff": [
              null,
              null,
              null,
              null
            ],
            "cab9297b-867e-4761-b9fc-6547afffb9a9.SequencerFlowNode.row-22.sendNodeOff": [
              null,
              null,
              null,
              null
            ],
            "cab9297b-867e-4761-b9fc-6547afffb9a9.SequencerFlowNode.row-23.sendNodeOff": [
              null,
              null,
              null,
              null
            ],
            "cab9297b-867e-4761-b9fc-6547afffb9a9.SequencerFlowNode.row-24.sendNodeOff": [
              null,
              null,
              null,
              null
            ],
            "5f7a6205-b6c1-4b84-ace9-a8178e88d984.ClockFlowNode.params.updateParams": [
              null,
              null,
              null,
              null,
              null,
              null
            ],
            "d8636fd7-27cf-4ca8-bae7-fb7f0c943046.ButtonFlowNode.updateParams.params": [
              null
            ],
            "d8636fd7-27cf-4ca8-bae7-fb7f0c943046.ButtonFlowNode.params.updateParams": [
              null
            ],
            "cb5d8248-401d-4838-bb83-c404e5b35ff9.OscillatorFlowNode.params.updateParams": [
              null
            ],
            "cb5d8248-401d-4838-bb83-c404e5b35ff9.OscillatorFlowNode.main-input.receiveNodeOn": [
              null
            ],
            "cb5d8248-401d-4838-bb83-c404e5b35ff9.OscillatorFlowNode.main-input.receiveNodeOff": [
              null
            ],
            "7cd71dfe-d319-4839-92c8-35efdcba23b5.ButtonFlowNode.updateParams.params": [
              null
            ],
            "7cd71dfe-d319-4839-92c8-35efdcba23b5.ButtonFlowNode.params.updateParams": [
              null
            ],
            "118cd7e8-6fa1-4ddc-bed6-82dfa812568e.ButtonFlowNode.updateParams.params": [
              null
            ],
            "118cd7e8-6fa1-4ddc-bed6-82dfa812568e.ButtonFlowNode.params.updateParams": [
              null
            ],
            "5f7a6205-b6c1-4b84-ace9-a8178e88d984.ClockFlowNode.main-input.receiveNodeOn": [
              null
            ],
            "5f7a6205-b6c1-4b84-ace9-a8178e88d984.ClockFlowNode.main-input.sendNodeOn": [
              null
            ],
            "5f7a6205-b6c1-4b84-ace9-a8178e88d984.ClockFlowNode.main-input.sendNodeOff": [
              null
            ],
            "d8636fd7-27cf-4ca8-bae7-fb7f0c943046.ButtonFlowNode.style.background": [
              null
            ],
            "7cd71dfe-d319-4839-92c8-35efdcba23b5.ButtonFlowNode.style.background": [
              null
            ],
            "118cd7e8-6fa1-4ddc-bed6-82dfa812568e.ButtonFlowNode.style.background": [
              null
            ]
          },
          "id": "cde74c2c-bc67-4fe7-ad07-f7411e396f42"
        },
        "style": {
          "padding": "5px",
          "border": "1px solid #2a3139",
          "borderRadius": "5px",
          "textAlign": "center",
          "background": "#1f1f1f",
          "color": "#eee",
          "boxShadow": "0 1px 3px rgba(0,0,0,0.45), 0 0 8px 2px rgba(0,255,136,0.08)",
          "glowColor": "#00ff88"
        },
        "id": "5f7a6205-b6c1-4b84-ace9-a8178e88d984.ClockFlowNode",
        "sendOff": false,
        "sendOffBeforeNextOn": false
      },
      "zIndex": 90,
      "measured": {
        "width": 126,
        "height": 78
      },
      "dragging": false,
      "selected": false
    },
    {
      "id": "14c28cc0-46c5-469c-8c8b-fc00c65c5945.ButtonFlowNode",
      "type": "ButtonFlowNode",
      "position": {
        "x": -610.9048613006485,
        "y": 652.5457353216395
      },
      "data": {
        "label": "Button",
        "assignedKey": "1",
        "retriggerFrequency": 1,
        "isRetriggering": false,
        "isPressed": false,
        "retriggerLength": 0.1,
        "id": "14c28cc0-46c5-469c-8c8b-fc00c65c5945.ButtonFlowNode",
        "style": {
          "padding": "5px",
          "border": "1px solid #2a3139",
          "borderRadius": "5px",
          "textAlign": "center",
          "background": "#1f1f1f",
          "color": "#eee",
          "boxShadow": "0 1px 3px rgba(0,0,0,0.45), 0 0 8px 2px rgba(0,255,136,0.08)",
          "glowColor": "#00ff88",
          "width": "60px",
          "height": "60px"
        }
      },
      "zIndex": 93,
      "measured": {
        "width": 72,
        "height": 72
      },
      "dragging": false,
      "selected": false
    },
    {
      "id": "d2f2e9f6-72e2-47dc-b67a-9f0fc44b0934.ADSRFlowNode",
      "type": "ADSRFlowNode",
      "position": {
        "x": -683.4767531077302,
        "y": 828.1726413297104
      },
      "data": {
        "label": "ADSR",
        "attackTime": 0.1,
        "decayTime": 0.2,
        "sustainLevel": 0.5,
        "releaseTime": 0.3,
        "maxTime": 10,
        "style": {
          "padding": "5px",
          "border": "1px solid #2a3139",
          "borderRadius": "5px",
          "textAlign": "center",
          "background": "#1f1f1f",
          "color": "#eee",
          "boxShadow": "0 1px 3px rgba(0,0,0,0.45), 0 0 8px 2px rgba(0,255,136,0.08)",
          "glowColor": "#00ff88"
        },
        "id": "d2f2e9f6-72e2-47dc-b67a-9f0fc44b0934.ADSRFlowNode",
        "sustainTime": 0.5,
        "minPercent": 0,
        "maxPercent": 100,
        "lengthSec": 0.5
      },
      "zIndex": 95,
      "measured": {
        "width": 212,
        "height": 227
      },
      "dragging": false,
      "selected": false
    },
    {
      "id": "27657806-5366-4571-ba6a-43c1cea886a3.ADSRFlowNode",
      "type": "ADSRFlowNode",
      "position": {
        "x": -1089.167358392752,
        "y": 1141.8114591233932
      },
      "data": {
        "label": "ADSR",
        "attackTime": 0.1,
        "decayTime": 0.2,
        "sustainLevel": 0.5,
        "releaseTime": 0.3,
        "maxTime": 10,
        "style": {
          "padding": "5px",
          "border": "1px solid #2a3139",
          "borderRadius": "5px",
          "textAlign": "center",
          "background": "#1f1f1f",
          "color": "#eee",
          "boxShadow": "0 1px 3px rgba(0,0,0,0.45), 0 0 8px 2px rgba(0,255,136,0.08)",
          "glowColor": "#00ff88"
        },
        "id": "27657806-5366-4571-ba6a-43c1cea886a3.ADSRFlowNode",
        "sustainTime": 0.5,
        "minPercent": 0,
        "maxPercent": 100,
        "lengthSec": 0.5
      },
      "zIndex": 96,
      "measured": {
        "width": 212,
        "height": 227
      },
      "dragging": false,
      "selected": false
    },
    {
      "id": "e46226d8-c1c8-49ae-a0cd-1e94d846c782.GainFlowNode",
      "type": "GainFlowNode",
      "position": {
        "x": 142.53906939402208,
        "y": 1075.7083275517339
      },
      "data": {
        "label": "",
        "gain": 1,
        "style": {
          "padding": "5px",
          "border": "1px solid #2a3139",
          "borderRadius": "5px",
          "textAlign": "center",
          "background": "#1f1f1f",
          "color": "#eee",
          "boxShadow": "0 1px 3px rgba(0,0,0,0.45), 0 0 8px 2px rgba(0,255,136,0.08)",
          "glowColor": "#00ff88"
        },
        "id": "e46226d8-c1c8-49ae-a0cd-1e94d846c782.GainFlowNode",
        "gainMidiMapping": null
      },
      "zIndex": 97,
      "measured": {
        "width": 75,
        "height": 94
      },
      "dragging": false,
      "selected": false
    },
    {
      "id": "d12841f5-7d64-4eea-8626-8b1a6ba672b0.FlowNode",
      "type": "FlowNode",
      "position": {
        "x": -1156.5278361909839,
        "y": 1011.5368009035851
      },
      "data": {
        "label": "Flow",
        "style": {
          "padding": "5px",
          "border": "1px solid #2a3139",
          "borderRadius": "5px",
          "textAlign": "center",
          "background": "#1f1f1f",
          "color": "#eee",
          "boxShadow": "0 1px 3px rgba(0,0,0,0.45), 0 0 8px 2px rgba(0,255,136,0.08)",
          "glowColor": "#00ff88"
        },
        "db": {
          "db": {},
          "dbName": "FlowSynthDB",
          "storeName": "flows",
          "uuid": "239ab2a7-ce54-42dd-969f-55f3038c615b"
        },
        "id": "d12841f5-7d64-4eea-8626-8b1a6ba672b0.FlowNode",
        "selectedNode": "keyboard",
        "outputArr": [
          0
        ],
        "inputArr": []
      },
      "zIndex": 99,
      "measured": {
        "width": 142,
        "height": 71
      },
      "dragging": false,
      "selected": false
    },
    {
      "id": "8e3743a7-3ca6-4a69-a793-b3c16762cec0.AudioWorkletOscillatorFlowNode",
      "type": "AudioWorkletOscillatorFlowNode",
      "position": {
        "x": -249.7281940946384,
        "y": 1097.8044123728641
      },
      "data": {
        "label": "AW Oscillator",
        "frequency": 440,
        "detune": 0,
        "type": "sine",
        "frequencyType": "hz",
        "style": {
          "padding": "5px",
          "border": "1px solid #2a3139",
          "borderRadius": "5px",
          "textAlign": "center",
          "background": "#1f1f1f",
          "color": "#eee",
          "boxShadow": "0 1px 3px rgba(0,0,0,0.45), 0 0 8px 2px rgba(0,255,136,0.08)",
          "width": "60px"
        },
        "id": "8e3743a7-3ca6-4a69-a793-b3c16762cec0.AudioWorkletOscillatorFlowNode",
        "knobValue": 0,
        "freqMidiMapping": null,
        "detuneMidiMapping": null
      },
      "zIndex": 102,
      "measured": {
        "width": 72,
        "height": 223
      },
      "dragging": false,
      "selected": false
    },
    {
      "id": "f115a0e5-538b-4fe1-9967-be80bc590dfc.AudioWorkletOscillatorFlowNode",
      "type": "AudioWorkletOscillatorFlowNode",
      "position": {
        "x": -247.7281940946384,
        "y": 1355.8044123728641
      },
      "data": {
        "label": "AW Oscillator",
        "frequency": 39.37559940894724,
        "detune": 0,
        "type": "sine",
        "frequencyType": "hz",
        "style": {
          "padding": "5px",
          "border": "1px solid #2a3139",
          "borderRadius": "5px",
          "textAlign": "center",
          "background": "#1f1f1f",
          "color": "#eee",
          "boxShadow": "0 1px 3px rgba(0,0,0,0.45), 0 0 8px 2px rgba(0,255,136,0.12)",
          "width": "60px",
          "glowColor": "#00ff88"
        },
        "id": "f115a0e5-538b-4fe1-9967-be80bc590dfc.AudioWorkletOscillatorFlowNode",
        "knobValue": 9.806572746163178,
        "freqMidiMapping": null,
        "detuneMidiMapping": null
      },
      "zIndex": 103,
      "measured": {
        "width": 72,
        "height": 223
      },
      "dragging": false,
      "selected": false
    },
    {
      "id": "afc2385b-830f-47fe-9e3f-17156c430adf.AudioWorkletOscillatorFlowNode",
      "type": "AudioWorkletOscillatorFlowNode",
      "position": {
        "x": -223.7281940946384,
        "y": 2164.429412372864
      },
      "data": {
        "label": "AW Oscillator",
        "frequency": 136.51124727560293,
        "detune": 0,
        "type": "sine",
        "frequencyType": "hz",
        "style": {
          "padding": "5px",
          "border": "1px solid #2a3139",
          "borderRadius": "5px",
          "textAlign": "center",
          "background": "#1f1f1f",
          "color": "#eee",
          "boxShadow": "0 1px 3px rgba(0,0,0,0.45), 0 0 8px 2px rgba(0,255,136,0.08)",
          "width": "60px",
          "glowColor": "#00ff88"
        },
        "id": "afc2385b-830f-47fe-9e3f-17156c430adf.AudioWorkletOscillatorFlowNode",
        "knobValue": 27.804614635725823,
        "freqMidiMapping": null,
        "detuneMidiMapping": null
      },
      "zIndex": 104,
      "measured": {
        "width": 72,
        "height": 223
      },
      "dragging": false,
      "selected": false
    },
    {
      "id": "0acaf6e7-339c-4dbd-80c5-675ee92b27da.AudioWorkletOscillatorFlowNode",
      "type": "AudioWorkletOscillatorFlowNode",
      "position": {
        "x": -225.7281940946384,
        "y": 1905.8044123728641
      },
      "data": {
        "label": "AW Oscillator",
        "frequency": 123.76510444020631,
        "detune": 0,
        "type": "sine",
        "frequencyType": "hz",
        "style": {
          "padding": "5px",
          "border": "1px solid #2a3139",
          "borderRadius": "5px",
          "textAlign": "center",
          "background": "#1f1f1f",
          "color": "#eee",
          "boxShadow": "0 1px 3px rgba(0,0,0,0.45), 0 0 8px 2px rgba(0,255,136,0.08)",
          "width": "60px",
          "glowColor": "#00ff88"
        },
        "id": "0acaf6e7-339c-4dbd-80c5-675ee92b27da.AudioWorkletOscillatorFlowNode",
        "knobValue": 26.38560723299995,
        "freqMidiMapping": null,
        "detuneMidiMapping": null
      },
      "zIndex": 105,
      "measured": {
        "width": 72,
        "height": 223
      },
      "dragging": false,
      "selected": false
    },
    {
      "id": "71f22f98-d7d1-469a-a8ae-3a2666b1b02b.AudioWorkletOscillatorFlowNode",
      "type": "AudioWorkletOscillatorFlowNode",
      "position": {
        "x": -221.7281940946384,
        "y": 1629.8044123728641
      },
      "data": {
        "label": "AW Oscillator",
        "frequency": 39.37559940894724,
        "detune": 0,
        "type": "sine",
        "frequencyType": "hz",
        "style": {
          "padding": "5px",
          "border": "1px solid #2a3139",
          "borderRadius": "5px",
          "textAlign": "center",
          "background": "#1f1f1f",
          "color": "#eee",
          "boxShadow": "0 1px 3px rgba(0,0,0,0.45), 0 0 8px 2px rgba(0,255,136,0.08)",
          "width": "60px",
          "glowColor": "#00ff88"
        },
        "id": "71f22f98-d7d1-469a-a8ae-3a2666b1b02b.AudioWorkletOscillatorFlowNode",
        "knobValue": 9.806572746163178,
        "freqMidiMapping": null,
        "detuneMidiMapping": null
      },
      "zIndex": 106,
      "measured": {
        "width": 72,
        "height": 223
      },
      "dragging": false,
      "selected": false
    },
    {
      "id": "4d08cc3f-ba4b-4e67-a4f5-23830a96ba4f.OscillatorFlowNode",
      "type": "OscillatorFlowNode",
      "position": {
        "x": -817.7281940946384,
        "y": 1637.1794123728641
      },
      "data": {
        "label": "Oscillator",
        "frequency": 1.006,
        "detune": 0,
        "type": "square",
        "frequencyType": "lfo",
        "style": {
          "padding": "5px",
          "border": "1px solid #2a3139",
          "borderRadius": "5px",
          "textAlign": "center",
          "background": "#1f1f1f",
          "color": "#eee",
          "boxShadow": "0 1px 3px rgba(0,0,0,0.45), 0 0 8px 2px rgba(0,255,136,0.08)",
          "width": "60px",
          "glowColor": "#00ff88"
        },
        "id": "4d08cc3f-ba4b-4e67-a4f5-23830a96ba4f.OscillatorFlowNode",
        "knobValue": 51.83574555287902,
        "freqMidiMapping": null,
        "detuneMidiMapping": null
      },
      "zIndex": 107,
      "measured": {
        "width": 72,
        "height": 223
      },
      "dragging": false,
      "selected": false
    },
    {
      "id": "036cdbfc-dbcc-4e99-a843-88980d684df3.GainFlowNode",
      "type": "GainFlowNode",
      "position": {
        "x": 108.27180590536184,
        "y": 1384.4294123728644
      },
      "data": {
        "label": "",
        "gain": 0.3526065235473723,
        "style": {
          "padding": "5px",
          "border": "1px solid #2a3139",
          "borderRadius": "5px",
          "textAlign": "center",
          "background": "#1f1f1f",
          "color": "#eee",
          "boxShadow": "0 1px 3px rgba(0,0,0,0.45), 0 0 8px 2px rgba(0,255,136,0.08)"
        },
        "id": "036cdbfc-dbcc-4e99-a843-88980d684df3.GainFlowNode",
        "gainMidiMapping": null
      },
      "zIndex": 108,
      "measured": {
        "width": 75,
        "height": 94
      },
      "dragging": false,
      "selected": false
    },
    {
      "id": "afc5ce36-1741-49fc-a014-37e49b099b03.FlowEventFreqShifterFlowNode",
      "type": "FlowEventFreqShifterFlowNode",
      "position": {
        "x": -598.7281940946382,
        "y": 1114.1794123728644
      },
      "data": {
        "label": "",
        "id": "afc5ce36-1741-49fc-a014-37e49b099b03.FlowEventFreqShifterFlowNode",
        "style": {
          "padding": "5px",
          "border": "1px solid #2a3139",
          "borderRadius": "5px",
          "textAlign": "center",
          "background": "#1f1f1f",
          "color": "#eee",
          "boxShadow": "0 1px 3px rgba(0,0,0,0.45), 0 0 8px 2px rgba(0,255,136,0.12)",
          "glowColor": "#00ff88"
        },
        "shift": 0.01,
        "shiftMidiMapping": null
      },
      "zIndex": 109,
      "measured": {
        "width": 102,
        "height": 152
      },
      "dragging": false,
      "selected": false
    },
    {
      "id": "f5a34588-eef6-4366-ae7a-0f06accd568b.FlowEventFreqShifterFlowNode",
      "type": "FlowEventFreqShifterFlowNode",
      "position": {
        "x": -546.7281940946382,
        "y": 2187.8044123728646
      },
      "data": {
        "label": "",
        "id": "f5a34588-eef6-4366-ae7a-0f06accd568b.FlowEventFreqShifterFlowNode",
        "style": {
          "padding": "5px",
          "border": "1px solid #2a3139",
          "borderRadius": "5px",
          "textAlign": "center",
          "background": "#1f1f1f",
          "color": "#eee",
          "boxShadow": "0 1px 3px rgba(0,0,0,0.45), 0 0 8px 2px rgba(0,255,136,0.12)",
          "glowColor": "#00ff88"
        },
        "shift": 0.005,
        "shiftMidiMapping": null
      },
      "zIndex": 110,
      "measured": {
        "width": 102,
        "height": 152
      },
      "dragging": false,
      "selected": false
    },
    {
      "id": "ab1857af-1a30-4d5c-9e5b-f5c29979f646.FlowEventFreqShifterFlowNode",
      "type": "FlowEventFreqShifterFlowNode",
      "position": {
        "x": -544.7281940946382,
        "y": 1925.4919123728644
      },
      "data": {
        "label": "",
        "id": "ab1857af-1a30-4d5c-9e5b-f5c29979f646.FlowEventFreqShifterFlowNode",
        "style": {
          "padding": "5px",
          "border": "1px solid #2a3139",
          "borderRadius": "5px",
          "textAlign": "center",
          "background": "#1f1f1f",
          "color": "#eee",
          "boxShadow": "0 1px 3px rgba(0,0,0,0.45), 0 0 8px 2px rgba(0,255,136,0.08)",
          "glowColor": "#00ff88"
        },
        "shift": -0.005,
        "shiftMidiMapping": null
      },
      "zIndex": 111,
      "measured": {
        "width": 102,
        "height": 152
      },
      "dragging": false,
      "selected": false
    },
    {
      "id": "8f273850-d365-4382-9254-c463b0fb523b.FlowEventFreqShifterFlowNode",
      "type": "FlowEventFreqShifterFlowNode",
      "position": {
        "x": -593.7281940946383,
        "y": 1367.1169123728644
      },
      "data": {
        "label": "",
        "id": "8f273850-d365-4382-9254-c463b0fb523b.FlowEventFreqShifterFlowNode",
        "style": {
          "padding": "5px",
          "border": "1px solid #2a3139",
          "borderRadius": "5px",
          "textAlign": "center",
          "background": "#1f1f1f",
          "color": "#eee",
          "boxShadow": "0 1px 3px rgba(0,0,0,0.45), 0 0 8px 2px rgba(0,255,136,0.08)",
          "glowColor": "#00ff88"
        },
        "shift": -0.01,
        "shiftMidiMapping": null
      },
      "zIndex": 112,
      "measured": {
        "width": 102,
        "height": 152
      },
      "dragging": false,
      "selected": false
    }
  ],
  "edges": [
    {
      "style": {
        "strokeWidth": 1.5,
        "strokeLinecap": "round"
      },
      "source": "9aed5f55-474b-4cb4-bb30-44f75ceb5902.NoiseFlowNode",
      "sourceHandle": "output",
      "target": "a4dcba02-c50d-40a6-b10c-8ab44282a418.BiquadFilterFlowNode",
      "targetHandle": "main-input",
      "id": "xy-edge__9aed5f55-474b-4cb4-bb30-44f75ceb5902.NoiseFlowNodeoutput-a4dcba02-c50d-40a6-b10c-8ab44282a418.BiquadFilterFlowNodemain-input",
      "selected": false
    },
    {
      "style": {
        "strokeWidth": 1.5,
        "strokeLinecap": "round"
      },
      "source": "cb5d8248-401d-4838-bb83-c404e5b35ff9.OscillatorFlowNode",
      "sourceHandle": "output",
      "target": "ed1f297b-ad21-4bbb-a132-e6df05e1a92b.GainFlowNode",
      "targetHandle": "main-input",
      "id": "xy-edge__cb5d8248-401d-4838-bb83-c404e5b35ff9.OscillatorFlowNodeoutput-ed1f297b-ad21-4bbb-a132-e6df05e1a92b.GainFlowNodemain-input",
      "selected": false
    },
    {
      "style": {
        "strokeWidth": 1.5,
        "strokeLinecap": "round"
      },
      "source": "ed1f297b-ad21-4bbb-a132-e6df05e1a92b.GainFlowNode",
      "sourceHandle": "output",
      "target": "a4dcba02-c50d-40a6-b10c-8ab44282a418.BiquadFilterFlowNode",
      "targetHandle": "frequency",
      "id": "xy-edge__ed1f297b-ad21-4bbb-a132-e6df05e1a92b.GainFlowNodeoutput-a4dcba02-c50d-40a6-b10c-8ab44282a418.BiquadFilterFlowNodefrequency",
      "selected": false
    },
    {
      "style": {
        "strokeWidth": 1.5,
        "strokeLinecap": "round"
      },
      "source": "a4dcba02-c50d-40a6-b10c-8ab44282a418.BiquadFilterFlowNode",
      "sourceHandle": "output",
      "target": "6fae6070-6c38-46c4-8e01-de17a8564cae.ReverbFlowNode",
      "targetHandle": "main-input",
      "id": "xy-edge__a4dcba02-c50d-40a6-b10c-8ab44282a418.BiquadFilterFlowNodeoutput-6fae6070-6c38-46c4-8e01-de17a8564cae.ReverbFlowNodemain-input",
      "selected": false
    },
    {
      "style": {
        "strokeWidth": 1.5,
        "strokeLinecap": "round"
      },
      "source": "6fae6070-6c38-46c4-8e01-de17a8564cae.ReverbFlowNode",
      "sourceHandle": "output",
      "target": "ee3788f7-fa6a-47d9-98e2-a25048cacaaf.GainFlowNode",
      "targetHandle": "main-input",
      "id": "xy-edge__6fae6070-6c38-46c4-8e01-de17a8564cae.ReverbFlowNodeoutput-ee3788f7-fa6a-47d9-98e2-a25048cacaaf.GainFlowNodemain-input",
      "selected": false
    },
    {
      "style": {
        "strokeWidth": 1.5,
        "strokeLinecap": "round"
      },
      "source": "ee3788f7-fa6a-47d9-98e2-a25048cacaaf.GainFlowNode",
      "sourceHandle": "output",
      "target": "1a42f35a-8ab3-4778-bb97-e0c7bfa5faf1.MasterOutFlowNode",
      "targetHandle": "destination-input",
      "id": "xy-edge__ee3788f7-fa6a-47d9-98e2-a25048cacaaf.GainFlowNodeoutput-1a42f35a-8ab3-4778-bb97-e0c7bfa5faf1.MasterOutFlowNodedestination-input",
      "selected": false
    },
    {
      "style": {
        "strokeWidth": 1.5,
        "strokeLinecap": "round"
      },
      "source": "7cd71dfe-d319-4839-92c8-35efdcba23b5.ButtonFlowNode",
      "sourceHandle": "output",
      "target": "af4182ab-919d-456a-bc4a-d2604ad3975d.SwitchFlowNode",
      "targetHandle": "main-input",
      "id": "xy-edge__7cd71dfe-d319-4839-92c8-35efdcba23b5.ButtonFlowNodeoutput-af4182ab-919d-456a-bc4a-d2604ad3975d.SwitchFlowNodemain-input",
      "selected": false
    },
    {
      "style": {
        "strokeWidth": 1.5,
        "strokeLinecap": "round"
      },
      "source": "93a22b6d-8574-46d2-9490-2164d5592f4a.AutomationFlowNode",
      "sourceHandle": "output",
      "target": "ee3788f7-fa6a-47d9-98e2-a25048cacaaf.GainFlowNode",
      "targetHandle": "gain",
      "id": "xy-edge__93a22b6d-8574-46d2-9490-2164d5592f4a.AutomationFlowNodeoutput-ee3788f7-fa6a-47d9-98e2-a25048cacaaf.GainFlowNodegain",
      "selected": false
    },
    {
      "style": {
        "strokeWidth": 1.5,
        "strokeLinecap": "round"
      },
      "source": "92d5384a-4a96-441d-81aa-a278025fe879.AutomationFlowNode",
      "sourceHandle": "output",
      "target": "ee3788f7-fa6a-47d9-98e2-a25048cacaaf.GainFlowNode",
      "targetHandle": "gain",
      "id": "xy-edge__92d5384a-4a96-441d-81aa-a278025fe879.AutomationFlowNodeoutput-ee3788f7-fa6a-47d9-98e2-a25048cacaaf.GainFlowNodegain",
      "selected": false
    },
    {
      "style": {
        "strokeWidth": 1.5,
        "strokeLinecap": "round"
      },
      "source": "af4182ab-919d-456a-bc4a-d2604ad3975d.SwitchFlowNode",
      "sourceHandle": "output-0",
      "target": "92d5384a-4a96-441d-81aa-a278025fe879.AutomationFlowNode",
      "targetHandle": "main-input",
      "id": "xy-edge__af4182ab-919d-456a-bc4a-d2604ad3975d.SwitchFlowNodeoutput-0-92d5384a-4a96-441d-81aa-a278025fe879.AutomationFlowNodemain-input",
      "selected": false
    },
    {
      "style": {
        "strokeWidth": 1.5,
        "strokeLinecap": "round"
      },
      "source": "af4182ab-919d-456a-bc4a-d2604ad3975d.SwitchFlowNode",
      "sourceHandle": "output-1",
      "target": "93a22b6d-8574-46d2-9490-2164d5592f4a.AutomationFlowNode",
      "targetHandle": "main-input",
      "id": "xy-edge__af4182ab-919d-456a-bc4a-d2604ad3975d.SwitchFlowNodeoutput-1-93a22b6d-8574-46d2-9490-2164d5592f4a.AutomationFlowNodemain-input",
      "selected": false
    },
    {
      "style": {
        "strokeWidth": 1.5,
        "strokeLinecap": "round",
        "filter": "drop-shadow(0 0 2px rgba(255,255,255,0.6)) drop-shadow(0 0 4px rgba(255,255,255,0.3))"
      },
      "source": "9aed5f55-474b-4cb4-bb30-44f75ceb5902.NoiseFlowNode",
      "sourceHandle": "output",
      "target": "ef56dc3e-972b-4499-a690-16fcce5d40e7.BiquadFilterFlowNode",
      "targetHandle": "main-input",
      "id": "xy-edge__9aed5f55-474b-4cb4-bb30-44f75ceb5902.NoiseFlowNodeoutput-ef56dc3e-972b-4499-a690-16fcce5d40e7.BiquadFilterFlowNodemain-input",
      "selected": false
    },
    {
      "style": {
        "strokeWidth": 1.5,
        "strokeLinecap": "round"
      },
      "source": "1b8b27b1-0edc-4a8a-95fb-c4dd874e838f.GainFlowNode",
      "sourceHandle": "output",
      "target": "1a42f35a-8ab3-4778-bb97-e0c7bfa5faf1.MasterOutFlowNode",
      "targetHandle": "destination-input",
      "id": "xy-edge__1b8b27b1-0edc-4a8a-95fb-c4dd874e838f.GainFlowNodeoutput-1a42f35a-8ab3-4778-bb97-e0c7bfa5faf1.MasterOutFlowNodedestination-input"
    },
    {
      "style": {
        "strokeWidth": 1.5,
        "strokeLinecap": "round"
      },
      "source": "90f07d62-5a8e-4058-a46f-1246f70aeca7.ADSRFlowNode",
      "sourceHandle": "output",
      "target": "ef56dc3e-972b-4499-a690-16fcce5d40e7.BiquadFilterFlowNode",
      "targetHandle": "frequency",
      "id": "xy-edge__90f07d62-5a8e-4058-a46f-1246f70aeca7.ADSRFlowNodeoutput-ef56dc3e-972b-4499-a690-16fcce5d40e7.BiquadFilterFlowNodefrequency"
    },
    {
      "style": {
        "strokeWidth": 1.5,
        "strokeLinecap": "round"
      },
      "source": "d8636fd7-27cf-4ca8-bae7-fb7f0c943046.ButtonFlowNode",
      "sourceHandle": "output",
      "target": "90f07d62-5a8e-4058-a46f-1246f70aeca7.ADSRFlowNode",
      "targetHandle": "main-input",
      "id": "xy-edge__d8636fd7-27cf-4ca8-bae7-fb7f0c943046.ButtonFlowNodeoutput-90f07d62-5a8e-4058-a46f-1246f70aeca7.ADSRFlowNodemain-input"
    },
    {
      "style": {
        "strokeWidth": 1.5,
        "strokeLinecap": "round"
      },
      "source": "ef56dc3e-972b-4499-a690-16fcce5d40e7.BiquadFilterFlowNode",
      "sourceHandle": "output",
      "target": "3927a15a-e1f3-4b93-9ec5-03d18c89acec.ReverbFlowNode",
      "targetHandle": "main-input",
      "id": "xy-edge__ef56dc3e-972b-4499-a690-16fcce5d40e7.BiquadFilterFlowNodeoutput-3927a15a-e1f3-4b93-9ec5-03d18c89acec.ReverbFlowNodemain-input"
    },
    {
      "style": {
        "strokeWidth": 1.5,
        "strokeLinecap": "round"
      },
      "source": "3927a15a-e1f3-4b93-9ec5-03d18c89acec.ReverbFlowNode",
      "sourceHandle": "output",
      "target": "1b8b27b1-0edc-4a8a-95fb-c4dd874e838f.GainFlowNode",
      "targetHandle": "main-input",
      "id": "xy-edge__3927a15a-e1f3-4b93-9ec5-03d18c89acec.ReverbFlowNodeoutput-1b8b27b1-0edc-4a8a-95fb-c4dd874e838f.GainFlowNodemain-input"
    },
    {
      "style": {
        "strokeWidth": 1.5,
        "strokeLinecap": "round"
      },
      "source": "118cd7e8-6fa1-4ddc-bed6-82dfa812568e.ButtonFlowNode",
      "sourceHandle": "output",
      "target": "ec73fa65-41e6-4bcf-bc78-fcc75834f614.ADSRFlowNode",
      "targetHandle": "main-input",
      "id": "xy-edge__118cd7e8-6fa1-4ddc-bed6-82dfa812568e.ButtonFlowNodeoutput-ec73fa65-41e6-4bcf-bc78-fcc75834f614.ADSRFlowNodemain-input"
    },
    {
      "style": {
        "strokeWidth": 1.5,
        "strokeLinecap": "round"
      },
      "source": "05f7f655-1462-46fd-8001-c11a71eb9f2d.BiquadFilterFlowNode",
      "sourceHandle": "output",
      "target": "b7bbeb65-5ae3-4aeb-a269-6d8cd5517efb.GainFlowNode",
      "targetHandle": "main-input",
      "id": "xy-edge__05f7f655-1462-46fd-8001-c11a71eb9f2d.BiquadFilterFlowNodeoutput-b7bbeb65-5ae3-4aeb-a269-6d8cd5517efb.GainFlowNodemain-input"
    },
    {
      "style": {
        "strokeWidth": 1.5,
        "strokeLinecap": "round"
      },
      "source": "ec73fa65-41e6-4bcf-bc78-fcc75834f614.ADSRFlowNode",
      "sourceHandle": "output",
      "target": "05f7f655-1462-46fd-8001-c11a71eb9f2d.BiquadFilterFlowNode",
      "targetHandle": "frequency",
      "id": "xy-edge__ec73fa65-41e6-4bcf-bc78-fcc75834f614.ADSRFlowNodeoutput-05f7f655-1462-46fd-8001-c11a71eb9f2d.BiquadFilterFlowNodefrequency"
    },
    {
      "style": {
        "strokeWidth": 1.5,
        "strokeLinecap": "round"
      },
      "source": "b7bbeb65-5ae3-4aeb-a269-6d8cd5517efb.GainFlowNode",
      "sourceHandle": "output",
      "target": "1a42f35a-8ab3-4778-bb97-e0c7bfa5faf1.MasterOutFlowNode",
      "targetHandle": "destination-input",
      "id": "xy-edge__b7bbeb65-5ae3-4aeb-a269-6d8cd5517efb.GainFlowNodeoutput-1a42f35a-8ab3-4778-bb97-e0c7bfa5faf1.MasterOutFlowNodedestination-input"
    },
    {
      "style": {
        "strokeWidth": 1.5,
        "strokeLinecap": "round"
      },
      "source": "8c1d1f34-ceda-4f69-81f1-407fec9100d5.NoiseFlowNode",
      "sourceHandle": "output",
      "target": "05f7f655-1462-46fd-8001-c11a71eb9f2d.BiquadFilterFlowNode",
      "targetHandle": "main-input",
      "id": "xy-edge__8c1d1f34-ceda-4f69-81f1-407fec9100d5.NoiseFlowNodeoutput-05f7f655-1462-46fd-8001-c11a71eb9f2d.BiquadFilterFlowNodemain-input"
    },
    {
      "style": {
        "strokeWidth": 1.5,
        "strokeLinecap": "round"
      },
      "source": "ec73fa65-41e6-4bcf-bc78-fcc75834f614.ADSRFlowNode",
      "sourceHandle": "output",
      "target": "b7bbeb65-5ae3-4aeb-a269-6d8cd5517efb.GainFlowNode",
      "targetHandle": "gain",
      "id": "xy-edge__ec73fa65-41e6-4bcf-bc78-fcc75834f614.ADSRFlowNodeoutput-b7bbeb65-5ae3-4aeb-a269-6d8cd5517efb.GainFlowNodegain"
    },
    {
      "style": {
        "strokeWidth": 1.5,
        "strokeLinecap": "round"
      },
      "source": "5f7a6205-b6c1-4b84-ace9-a8178e88d984.ClockFlowNode",
      "sourceHandle": "main-output",
      "target": "cab9297b-867e-4761-b9fc-6547afffb9a9.SequencerFlowNode",
      "targetHandle": "advance",
      "id": "xy-edge__5f7a6205-b6c1-4b84-ace9-a8178e88d984.ClockFlowNodemain-output-cab9297b-867e-4761-b9fc-6547afffb9a9.SequencerFlowNodeadvance"
    },
    {
      "style": {
        "strokeWidth": 1.5,
        "strokeLinecap": "round"
      },
      "source": "cab9297b-867e-4761-b9fc-6547afffb9a9.SequencerFlowNode",
      "sourceHandle": "row-0",
      "target": "90f07d62-5a8e-4058-a46f-1246f70aeca7.ADSRFlowNode",
      "targetHandle": "main-input",
      "id": "xy-edge__cab9297b-867e-4761-b9fc-6547afffb9a9.SequencerFlowNoderow-0-90f07d62-5a8e-4058-a46f-1246f70aeca7.ADSRFlowNodemain-input"
    },
    {
      "style": {
        "strokeWidth": 1.5,
        "strokeLinecap": "round"
      },
      "source": "cab9297b-867e-4761-b9fc-6547afffb9a9.SequencerFlowNode",
      "sourceHandle": "row-1",
      "target": "ec73fa65-41e6-4bcf-bc78-fcc75834f614.ADSRFlowNode",
      "targetHandle": "main-input",
      "id": "xy-edge__cab9297b-867e-4761-b9fc-6547afffb9a9.SequencerFlowNoderow-1-ec73fa65-41e6-4bcf-bc78-fcc75834f614.ADSRFlowNodemain-input"
    },
    {
      "style": {
        "strokeWidth": 1.5,
        "strokeLinecap": "round"
      },
      "source": "14c28cc0-46c5-469c-8c8b-fc00c65c5945.ButtonFlowNode",
      "sourceHandle": "output",
      "target": "5f7a6205-b6c1-4b84-ace9-a8178e88d984.ClockFlowNode",
      "targetHandle": "main-input",
      "id": "xy-edge__14c28cc0-46c5-469c-8c8b-fc00c65c5945.ButtonFlowNodeoutput-5f7a6205-b6c1-4b84-ace9-a8178e88d984.ClockFlowNodemain-input"
    },
    {
      "style": {
        "strokeWidth": 1.5,
        "strokeLinecap": "round"
      },
      "source": "d2f2e9f6-72e2-47dc-b67a-9f0fc44b0934.ADSRFlowNode",
      "sourceHandle": "output",
      "target": "e46226d8-c1c8-49ae-a0cd-1e94d846c782.GainFlowNode",
      "targetHandle": "gain",
      "id": "xy-edge__d2f2e9f6-72e2-47dc-b67a-9f0fc44b0934.ADSRFlowNodeoutput-e46226d8-c1c8-49ae-a0cd-1e94d846c782.GainFlowNodegain"
    },
    {
      "style": {
        "strokeWidth": 1.5,
        "strokeLinecap": "round"
      },
      "source": "d12841f5-7d64-4eea-8626-8b1a6ba672b0.FlowNode",
      "sourceHandle": "output-0",
      "target": "d2f2e9f6-72e2-47dc-b67a-9f0fc44b0934.ADSRFlowNode",
      "targetHandle": "main-input",
      "id": "xy-edge__d12841f5-7d64-4eea-8626-8b1a6ba672b0.FlowNodeoutput-0-d2f2e9f6-72e2-47dc-b67a-9f0fc44b0934.ADSRFlowNodemain-input"
    },
    {
      "style": {
        "strokeWidth": 1.5,
        "strokeLinecap": "round"
      },
      "source": "d12841f5-7d64-4eea-8626-8b1a6ba672b0.FlowNode",
      "sourceHandle": "output-0",
      "target": "27657806-5366-4571-ba6a-43c1cea886a3.ADSRFlowNode",
      "targetHandle": "main-input",
      "id": "xy-edge__d12841f5-7d64-4eea-8626-8b1a6ba672b0.FlowNodeoutput-0-27657806-5366-4571-ba6a-43c1cea886a3.ADSRFlowNodemain-input"
    },
    {
      "style": {
        "strokeWidth": 1.5,
        "strokeLinecap": "round"
      },
      "source": "e46226d8-c1c8-49ae-a0cd-1e94d846c782.GainFlowNode",
      "sourceHandle": "output",
      "target": "1a42f35a-8ab3-4778-bb97-e0c7bfa5faf1.MasterOutFlowNode",
      "targetHandle": "destination-input",
      "id": "xy-edge__e46226d8-c1c8-49ae-a0cd-1e94d846c782.GainFlowNodeoutput-1a42f35a-8ab3-4778-bb97-e0c7bfa5faf1.MasterOutFlowNodedestination-input"
    },
    {
      "style": {
        "strokeWidth": 1.5,
        "strokeLinecap": "round"
      },
      "source": "d12841f5-7d64-4eea-8626-8b1a6ba672b0.FlowNode",
      "sourceHandle": "output-0",
      "target": "71f22f98-d7d1-469a-a8ae-3a2666b1b02b.AudioWorkletOscillatorFlowNode",
      "targetHandle": "frequency",
      "id": "xy-edge__d12841f5-7d64-4eea-8626-8b1a6ba672b0.FlowNodeoutput-0-71f22f98-d7d1-469a-a8ae-3a2666b1b02b.AudioWorkletOscillatorFlowNodefrequency"
    },
    {
      "style": {
        "strokeWidth": 1.5,
        "strokeLinecap": "round"
      },
      "source": "4d08cc3f-ba4b-4e67-a4f5-23830a96ba4f.OscillatorFlowNode",
      "sourceHandle": "output",
      "target": "71f22f98-d7d1-469a-a8ae-3a2666b1b02b.AudioWorkletOscillatorFlowNode",
      "targetHandle": "sync",
      "id": "xy-edge__4d08cc3f-ba4b-4e67-a4f5-23830a96ba4f.OscillatorFlowNodeoutput-71f22f98-d7d1-469a-a8ae-3a2666b1b02b.AudioWorkletOscillatorFlowNodesync"
    },
    {
      "style": {
        "strokeWidth": 1.5,
        "strokeLinecap": "round"
      },
      "source": "4d08cc3f-ba4b-4e67-a4f5-23830a96ba4f.OscillatorFlowNode",
      "sourceHandle": "output",
      "target": "f115a0e5-538b-4fe1-9967-be80bc590dfc.AudioWorkletOscillatorFlowNode",
      "targetHandle": "sync",
      "id": "xy-edge__4d08cc3f-ba4b-4e67-a4f5-23830a96ba4f.OscillatorFlowNodeoutput-f115a0e5-538b-4fe1-9967-be80bc590dfc.AudioWorkletOscillatorFlowNodesync"
    },
    {
      "style": {
        "strokeWidth": 1.5,
        "strokeLinecap": "round"
      },
      "source": "4d08cc3f-ba4b-4e67-a4f5-23830a96ba4f.OscillatorFlowNode",
      "sourceHandle": "output",
      "target": "8e3743a7-3ca6-4a69-a793-b3c16762cec0.AudioWorkletOscillatorFlowNode",
      "targetHandle": "sync",
      "id": "xy-edge__4d08cc3f-ba4b-4e67-a4f5-23830a96ba4f.OscillatorFlowNodeoutput-8e3743a7-3ca6-4a69-a793-b3c16762cec0.AudioWorkletOscillatorFlowNodesync"
    },
    {
      "style": {
        "strokeWidth": 1.5,
        "strokeLinecap": "round"
      },
      "source": "4d08cc3f-ba4b-4e67-a4f5-23830a96ba4f.OscillatorFlowNode",
      "sourceHandle": "output",
      "target": "0acaf6e7-339c-4dbd-80c5-675ee92b27da.AudioWorkletOscillatorFlowNode",
      "targetHandle": "sync",
      "id": "xy-edge__4d08cc3f-ba4b-4e67-a4f5-23830a96ba4f.OscillatorFlowNodeoutput-0acaf6e7-339c-4dbd-80c5-675ee92b27da.AudioWorkletOscillatorFlowNodesync"
    },
    {
      "style": {
        "strokeWidth": 1.5,
        "strokeLinecap": "round"
      },
      "source": "4d08cc3f-ba4b-4e67-a4f5-23830a96ba4f.OscillatorFlowNode",
      "sourceHandle": "output",
      "target": "afc2385b-830f-47fe-9e3f-17156c430adf.AudioWorkletOscillatorFlowNode",
      "targetHandle": "sync",
      "id": "xy-edge__4d08cc3f-ba4b-4e67-a4f5-23830a96ba4f.OscillatorFlowNodeoutput-afc2385b-830f-47fe-9e3f-17156c430adf.AudioWorkletOscillatorFlowNodesync"
    },
    {
      "style": {
        "strokeWidth": 1.5,
        "strokeLinecap": "round"
      },
      "source": "f115a0e5-538b-4fe1-9967-be80bc590dfc.AudioWorkletOscillatorFlowNode",
      "sourceHandle": "output",
      "target": "036cdbfc-dbcc-4e99-a843-88980d684df3.GainFlowNode",
      "targetHandle": "main-input",
      "id": "xy-edge__f115a0e5-538b-4fe1-9967-be80bc590dfc.AudioWorkletOscillatorFlowNodeoutput-036cdbfc-dbcc-4e99-a843-88980d684df3.GainFlowNodemain-input"
    },
    {
      "style": {
        "strokeWidth": 1.5,
        "strokeLinecap": "round"
      },
      "source": "8e3743a7-3ca6-4a69-a793-b3c16762cec0.AudioWorkletOscillatorFlowNode",
      "sourceHandle": "output",
      "target": "036cdbfc-dbcc-4e99-a843-88980d684df3.GainFlowNode",
      "targetHandle": "main-input",
      "id": "xy-edge__8e3743a7-3ca6-4a69-a793-b3c16762cec0.AudioWorkletOscillatorFlowNodeoutput-036cdbfc-dbcc-4e99-a843-88980d684df3.GainFlowNodemain-input"
    },
    {
      "style": {
        "strokeWidth": 1.5,
        "strokeLinecap": "round"
      },
      "source": "71f22f98-d7d1-469a-a8ae-3a2666b1b02b.AudioWorkletOscillatorFlowNode",
      "sourceHandle": "output",
      "target": "e46226d8-c1c8-49ae-a0cd-1e94d846c782.GainFlowNode",
      "targetHandle": "main-input",
      "id": "xy-edge__71f22f98-d7d1-469a-a8ae-3a2666b1b02b.AudioWorkletOscillatorFlowNodeoutput-e46226d8-c1c8-49ae-a0cd-1e94d846c782.GainFlowNodemain-input"
    },
    {
      "style": {
        "strokeWidth": 1.5,
        "strokeLinecap": "round"
      },
      "source": "036cdbfc-dbcc-4e99-a843-88980d684df3.GainFlowNode",
      "sourceHandle": "output",
      "target": "e46226d8-c1c8-49ae-a0cd-1e94d846c782.GainFlowNode",
      "targetHandle": "main-input",
      "id": "xy-edge__036cdbfc-dbcc-4e99-a843-88980d684df3.GainFlowNodeoutput-e46226d8-c1c8-49ae-a0cd-1e94d846c782.GainFlowNodemain-input"
    },
    {
      "style": {
        "strokeWidth": 1.5,
        "strokeLinecap": "round"
      },
      "source": "0acaf6e7-339c-4dbd-80c5-675ee92b27da.AudioWorkletOscillatorFlowNode",
      "sourceHandle": "output",
      "target": "036cdbfc-dbcc-4e99-a843-88980d684df3.GainFlowNode",
      "targetHandle": "main-input",
      "id": "xy-edge__0acaf6e7-339c-4dbd-80c5-675ee92b27da.AudioWorkletOscillatorFlowNodeoutput-036cdbfc-dbcc-4e99-a843-88980d684df3.GainFlowNodemain-input"
    },
    {
      "style": {
        "strokeWidth": 1.5,
        "strokeLinecap": "round"
      },
      "source": "afc2385b-830f-47fe-9e3f-17156c430adf.AudioWorkletOscillatorFlowNode",
      "sourceHandle": "output",
      "target": "036cdbfc-dbcc-4e99-a843-88980d684df3.GainFlowNode",
      "targetHandle": "main-input",
      "id": "xy-edge__afc2385b-830f-47fe-9e3f-17156c430adf.AudioWorkletOscillatorFlowNodeoutput-036cdbfc-dbcc-4e99-a843-88980d684df3.GainFlowNodemain-input"
    },
    {
      "style": {
        "strokeWidth": 1.5,
        "strokeLinecap": "round"
      },
      "source": "afc5ce36-1741-49fc-a014-37e49b099b03.FlowEventFreqShifterFlowNode",
      "sourceHandle": "flow-output",
      "target": "8e3743a7-3ca6-4a69-a793-b3c16762cec0.AudioWorkletOscillatorFlowNode",
      "targetHandle": "frequency",
      "id": "xy-edge__afc5ce36-1741-49fc-a014-37e49b099b03.FlowEventFreqShifterFlowNodeflow-output-8e3743a7-3ca6-4a69-a793-b3c16762cec0.AudioWorkletOscillatorFlowNodefrequency"
    },
    {
      "style": {
        "strokeWidth": 1.5,
        "strokeLinecap": "round"
      },
      "source": "d12841f5-7d64-4eea-8626-8b1a6ba672b0.FlowNode",
      "sourceHandle": "output-0",
      "target": "afc5ce36-1741-49fc-a014-37e49b099b03.FlowEventFreqShifterFlowNode",
      "targetHandle": "trigger-input",
      "id": "xy-edge__d12841f5-7d64-4eea-8626-8b1a6ba672b0.FlowNodeoutput-0-afc5ce36-1741-49fc-a014-37e49b099b03.FlowEventFreqShifterFlowNodetrigger-input"
    },
    {
      "style": {
        "strokeWidth": 1.5,
        "strokeLinecap": "round"
      },
      "source": "d12841f5-7d64-4eea-8626-8b1a6ba672b0.FlowNode",
      "sourceHandle": "output-0",
      "target": "8f273850-d365-4382-9254-c463b0fb523b.FlowEventFreqShifterFlowNode",
      "targetHandle": "trigger-input",
      "id": "xy-edge__d12841f5-7d64-4eea-8626-8b1a6ba672b0.FlowNodeoutput-0-8f273850-d365-4382-9254-c463b0fb523b.FlowEventFreqShifterFlowNodetrigger-input"
    },
    {
      "style": {
        "strokeWidth": 1.5,
        "strokeLinecap": "round"
      },
      "source": "d12841f5-7d64-4eea-8626-8b1a6ba672b0.FlowNode",
      "sourceHandle": "output-0",
      "target": "ab1857af-1a30-4d5c-9e5b-f5c29979f646.FlowEventFreqShifterFlowNode",
      "targetHandle": "trigger-input",
      "id": "xy-edge__d12841f5-7d64-4eea-8626-8b1a6ba672b0.FlowNodeoutput-0-ab1857af-1a30-4d5c-9e5b-f5c29979f646.FlowEventFreqShifterFlowNodetrigger-input"
    },
    {
      "style": {
        "strokeWidth": 1.5,
        "strokeLinecap": "round"
      },
      "source": "d12841f5-7d64-4eea-8626-8b1a6ba672b0.FlowNode",
      "sourceHandle": "output-0",
      "target": "f5a34588-eef6-4366-ae7a-0f06accd568b.FlowEventFreqShifterFlowNode",
      "targetHandle": "trigger-input",
      "id": "xy-edge__d12841f5-7d64-4eea-8626-8b1a6ba672b0.FlowNodeoutput-0-f5a34588-eef6-4366-ae7a-0f06accd568b.FlowEventFreqShifterFlowNodetrigger-input"
    },
    {
      "style": {
        "strokeWidth": 1.5,
        "strokeLinecap": "round"
      },
      "source": "f5a34588-eef6-4366-ae7a-0f06accd568b.FlowEventFreqShifterFlowNode",
      "sourceHandle": "flow-output",
      "target": "afc2385b-830f-47fe-9e3f-17156c430adf.AudioWorkletOscillatorFlowNode",
      "targetHandle": "frequency",
      "id": "xy-edge__f5a34588-eef6-4366-ae7a-0f06accd568b.FlowEventFreqShifterFlowNodeflow-output-afc2385b-830f-47fe-9e3f-17156c430adf.AudioWorkletOscillatorFlowNodefrequency"
    },
    {
      "style": {
        "strokeWidth": 1.5,
        "strokeLinecap": "round"
      },
      "source": "ab1857af-1a30-4d5c-9e5b-f5c29979f646.FlowEventFreqShifterFlowNode",
      "sourceHandle": "flow-output",
      "target": "0acaf6e7-339c-4dbd-80c5-675ee92b27da.AudioWorkletOscillatorFlowNode",
      "targetHandle": "frequency",
      "id": "xy-edge__ab1857af-1a30-4d5c-9e5b-f5c29979f646.FlowEventFreqShifterFlowNodeflow-output-0acaf6e7-339c-4dbd-80c5-675ee92b27da.AudioWorkletOscillatorFlowNodefrequency"
    },
    {
      "style": {
        "strokeWidth": 1.5,
        "strokeLinecap": "round"
      },
      "source": "8f273850-d365-4382-9254-c463b0fb523b.FlowEventFreqShifterFlowNode",
      "sourceHandle": "flow-output",
      "target": "f115a0e5-538b-4fe1-9967-be80bc590dfc.AudioWorkletOscillatorFlowNode",
      "targetHandle": "frequency",
      "id": "xy-edge__8f273850-d365-4382-9254-c463b0fb523b.FlowEventFreqShifterFlowNodeflow-output-f115a0e5-538b-4fe1-9967-be80bc590dfc.AudioWorkletOscillatorFlowNodefrequency"
    }
  ],
  "folder_path": "",
  "updated_at": "2025-12-30T19:06:31.515Z"
}