{
  "name": "Switch",
  "nodes": [
    {
      "id": "8a89d0b3-cdee-455a-8c97-2a48504be55e.ConstantFlowNode",
      "type": "ConstantFlowNode",
      "position": {
        "x": 99.47605038141091,
        "y": 370.1982472670628
      },
      "data": {
        "label": "ConstantFlowNode Node",
        "value": "400",
        "style": {
          "padding": "10px",
          "border": "1px solid #ddd",
          "borderRadius": "5px",
          "width": "200px",
          "textAlign": "center",
          "background": "#333",
          "color": "#eee"
        },
        "id": "8a89d0b3-cdee-455a-8c97-2a48504be55e.ConstantFlowNode"
      },
      "measured": {
        "width": 172,
        "height": 63
      },
      "selected": false,
      "dragging": false
    },
    {
      "id": "0c498982-850c-4d60-b0bd-6252c8f0ec2e.ConstantFlowNode",
      "type": "ConstantFlowNode",
      "position": {
        "x": 103.77250080003374,
        "y": 287.9182790622688
      },
      "data": {
        "label": "ConstantFlowNode Node",
        "value": "300",
        "style": {
          "padding": "10px",
          "border": "1px solid #ddd",
          "borderRadius": "5px",
          "width": "200px",
          "textAlign": "center",
          "background": "#333",
          "color": "#eee"
        },
        "id": "0c498982-850c-4d60-b0bd-6252c8f0ec2e.ConstantFlowNode"
      },
      "measured": {
        "width": 172,
        "height": 63
      },
      "selected": false,
      "dragging": false
    },
    {
      "id": "35ee251a-2abe-4073-be0c-6df73e089283.ConstantFlowNode",
      "type": "ConstantFlowNode",
      "position": {
        "x": 104.98185783293533,
        "y": 207.76227366379425
      },
      "data": {
        "label": "ConstantFlowNode Node",
        "value": "310",
        "style": {
          "padding": "10px",
          "border": "1px solid #ddd",
          "borderRadius": "5px",
          "width": "200px",
          "textAlign": "center",
          "background": "#333",
          "color": "#eee"
        },
        "id": "35ee251a-2abe-4073-be0c-6df73e089283.ConstantFlowNode"
      },
      "measured": {
        "width": 172,
        "height": 63
      },
      "selected": false,
      "dragging": false
    },
    {
      "id": "bee05ee5-8cc0-4631-8c4e-143ff444b7a9.SwitchFlowNode",
      "type": "SwitchFlowNode",
      "position": {
        "x": -182.85518100576923,
        "y": 267.9403527145345
      },
      "data": {
        "label": "SwitchFlowNode Node",
        "numOutputs": 3,
        "activeOutput": 0,
        "id": "bee05ee5-8cc0-4631-8c4e-143ff444b7a9.SwitchFlowNode"
      },
      "measured": {
        "width": 222,
        "height": 122
      },
      "selected": false,
      "dragging": false
    },
    {
      "id": "138398ac-1c01-4553-a10d-eb93457314d7.OscillatorFlowNode",
      "type": "OscillatorFlowNode",
      "position": {
        "x": 342.3698511296346,
        "y": 255.4187830440359
      },
      "data": {
        "label": "Oscillator",
        "frequency": 440,
        "detune": 0,
        "type": "sine",
        "frequencyType": "hz",
        "style": {
          "padding": "10px",
          "border": "1px solid #ddd",
          "borderRadius": "5px",
          "width": "200px",
          "textAlign": "center",
          "background": "#333",
          "color": "#eee"
        },
        "id": "138398ac-1c01-4553-a10d-eb93457314d7.OscillatorFlowNode",
        "knobValue": 44.74742269407354
      },
      "measured": {
        "width": 222,
        "height": 187
      },
      "selected": false,
      "dragging": false
    },
    {
      "id": "8876b725-b841-4020-ba81-6035175ae7ba.AudioContextFlowNode",
      "type": "AudioContextFlowNode",
      "position": {
        "x": 622.7778738838533,
        "y": 314.5588612409306
      },
      "data": {
        "label": "AudioContextFlowNode Node",
        "style": {
          "padding": "10px",
          "border": "1px solid #ddd",
          "borderRadius": "5px",
          "width": "200px",
          "textAlign": "center",
          "background": "#333",
          "color": "#eee"
        },
        "id": "8876b725-b841-4020-ba81-6035175ae7ba.AudioContextFlowNode"
      },
      "measured": {
        "width": 222,
        "height": 69
      },
      "selected": false,
      "dragging": false
    },
    {
      "id": "c8a6275e-346a-4f6a-a965-95dec401f8eb.CustomNode",
      "type": "CustomNode",
      "position": {
        "x": -260.0769890457299,
        "y": 87.22867378018773
      },
      "data": {
        "label": "Custom Node",
        "style": {
          "padding": "10px",
          "border": "1px solid #ddd",
          "borderRadius": "5px",
          "width": "200px",
          "textAlign": "center",
          "background": "#333",
          "color": "#eee"
        },
        "db": {
          "db": {},
          "dbName": "FlowSynthDB",
          "storeName": "nodes",
          "uuid": "2e009bd4-e104-4804-a498-48851d2e3957"
        },
        "id": "c8a6275e-346a-4f6a-a965-95dec401f8eb.CustomNode",
        "selectedNode": "keyboard",
        "outputs": 0,
        "inputs": 0
      },
      "measured": {
        "width": 169,
        "height": 110
      },
      "selected": false,
      "dragging": false
    }
  ],
  "edges": [
    {
      "source": "bee05ee5-8cc0-4631-8c4e-143ff444b7a9.SwitchFlowNode",
      "sourceHandle": "output-0",
      "target": "35ee251a-2abe-4073-be0c-6df73e089283.ConstantFlowNode",
      "targetHandle": "main-input",
      "id": "xy-edge__bee05ee5-8cc0-4631-8c4e-143ff444b7a9.SwitchFlowNodeoutput-0-35ee251a-2abe-4073-be0c-6df73e089283.ConstantFlowNodemain-input"
    },
    {
      "source": "bee05ee5-8cc0-4631-8c4e-143ff444b7a9.SwitchFlowNode",
      "sourceHandle": "output-1",
      "target": "0c498982-850c-4d60-b0bd-6252c8f0ec2e.ConstantFlowNode",
      "targetHandle": "main-input",
      "id": "xy-edge__bee05ee5-8cc0-4631-8c4e-143ff444b7a9.SwitchFlowNodeoutput-1-0c498982-850c-4d60-b0bd-6252c8f0ec2e.ConstantFlowNodemain-input"
    },
    {
      "source": "bee05ee5-8cc0-4631-8c4e-143ff444b7a9.SwitchFlowNode",
      "sourceHandle": "output-2",
      "target": "8a89d0b3-cdee-455a-8c97-2a48504be55e.ConstantFlowNode",
      "targetHandle": "main-input",
      "id": "xy-edge__bee05ee5-8cc0-4631-8c4e-143ff444b7a9.SwitchFlowNodeoutput-2-8a89d0b3-cdee-455a-8c97-2a48504be55e.ConstantFlowNodemain-input"
    },
    {
      "source": "138398ac-1c01-4553-a10d-eb93457314d7.OscillatorFlowNode",
      "sourceHandle": "output",
      "target": "8876b725-b841-4020-ba81-6035175ae7ba.AudioContextFlowNode",
      "targetHandle": "destination-input",
      "id": "xy-edge__138398ac-1c01-4553-a10d-eb93457314d7.OscillatorFlowNodeoutput-8876b725-b841-4020-ba81-6035175ae7ba.AudioContextFlowNodedestination-input"
    },
    {
      "source": "35ee251a-2abe-4073-be0c-6df73e089283.ConstantFlowNode",
      "sourceHandle": "output",
      "target": "138398ac-1c01-4553-a10d-eb93457314d7.OscillatorFlowNode",
      "targetHandle": "frequency",
      "id": "xy-edge__35ee251a-2abe-4073-be0c-6df73e089283.ConstantFlowNodeoutput-138398ac-1c01-4553-a10d-eb93457314d7.OscillatorFlowNodefrequency"
    },
    {
      "source": "0c498982-850c-4d60-b0bd-6252c8f0ec2e.ConstantFlowNode",
      "sourceHandle": "output",
      "target": "138398ac-1c01-4553-a10d-eb93457314d7.OscillatorFlowNode",
      "targetHandle": "frequency",
      "id": "xy-edge__0c498982-850c-4d60-b0bd-6252c8f0ec2e.ConstantFlowNodeoutput-138398ac-1c01-4553-a10d-eb93457314d7.OscillatorFlowNodefrequency"
    },
    {
      "source": "8a89d0b3-cdee-455a-8c97-2a48504be55e.ConstantFlowNode",
      "sourceHandle": "output",
      "target": "138398ac-1c01-4553-a10d-eb93457314d7.OscillatorFlowNode",
      "targetHandle": "frequency",
      "id": "xy-edge__8a89d0b3-cdee-455a-8c97-2a48504be55e.ConstantFlowNodeoutput-138398ac-1c01-4553-a10d-eb93457314d7.OscillatorFlowNodefrequency"
    },
    {
      "source": "c8a6275e-346a-4f6a-a965-95dec401f8eb.CustomNode",
      "sourceHandle": "output-0",
      "target": "138398ac-1c01-4553-a10d-eb93457314d7.OscillatorFlowNode",
      "targetHandle": "frequency",
      "id": "xy-edge__c8a6275e-346a-4f6a-a965-95dec401f8eb.CustomNodeoutput-0-138398ac-1c01-4553-a10d-eb93457314d7.OscillatorFlowNodefrequency"
    }
  ],
  "folder_path": "",
  "updated_at": "2025-09-19 22:09:10"
}