{
  "name": "testMic",
  "nodes": [
    {
      "id": "dd66b99d-fc2c-49c8-8def-e8d8a87f62dd.MicFlowNode",
      "type": "MicFlowNode",
      "position": {
        "x": -172.25366598344385,
        "y": 869.7069049186448
      },
      "data": {
        "label": "Mic",
        "id": "dd66b99d-fc2c-49c8-8def-e8d8a87f62dd.MicFlowNode",
        "style": {
          "padding": "10px",
          "border": "1px solid #2a3139",
          "borderRadius": "5px",
          "textAlign": "center",
          "background": "#1f1f1f",
          "color": "#eee",
          "boxShadow": "0 1px 3px rgba(0,0,0,0.45), 0 0 8px 2px rgba(0,255,136,0.08)",
          "glowColor": "#00ff88"
        },
        "selectedDeviceId": "f77be4c7395c4d92884e163668a2ad14facc7dcf65bd0ff285957bde7e18fd62"
      },
      "measured": {
        "width": 238,
        "height": 140
      },
      "selected": false
    },
    {
      "id": "7346fe1b-3d0f-4fd9-b885-ab16413d502d.AudioContextFlowNode",
      "type": "AudioContextFlowNode",
      "position": {
        "x": 375.74633401655615,
        "y": 883.7069049186448
      },
      "data": {
        "label": "",
        "style": {
          "padding": "10px",
          "border": "1px solid #2a3139",
          "borderRadius": "5px",
          "textAlign": "center",
          "background": "#1f1f1f",
          "color": "#eee",
          "boxShadow": "0 1px 3px rgba(0,0,0,0.45), 0 0 8px 2px rgba(0,255,136,0.08)",
          "glowColor": "#00ff88"
        },
        "id": "7346fe1b-3d0f-4fd9-b885-ab16413d502d.AudioContextFlowNode"
      },
      "measured": {
        "width": 100,
        "height": 70
      },
      "dragging": false,
      "selected": false
    },
    {
      "id": "c3dca75d-a21a-4f04-a275-4d611b0afb5f.DelayFlowNode",
      "type": "DelayFlowNode",
      "position": {
        "x": 104.74633401655615,
        "y": 813.7069049186448
      },
      "data": {
        "label": "",
        "delayTime": 638.6451491740423,
        "style": {
          "padding": "10px",
          "border": "1px solid #2a3139",
          "borderRadius": "5px",
          "textAlign": "center",
          "background": "#1f1f1f",
          "color": "#eee",
          "boxShadow": "0 1px 3px rgba(0,0,0,0.45), 0 0 8px 2px rgba(0,255,136,0.08)",
          "fontSize": 14,
          "glowColor": "#00ff88"
        },
        "id": "c3dca75d-a21a-4f04-a275-4d611b0afb5f.DelayFlowNode",
        "knobValue": 0.7178340097971967,
        "delayMidiMapping": null
      },
      "measured": {
        "width": 236,
        "height": 144
      },
      "dragging": false,
      "selected": false
    },
    {
      "id": "4f8b6937-dede-4e08-9b9c-290c105e6138.GainFlowNode",
      "type": "GainFlowNode",
      "position": {
        "x": 184.74633401655615,
        "y": 654.2069049186448
      },
      "data": {
        "label": "",
        "gain": 0.9489779345348015,
        "style": {
          "padding": "10px",
          "border": "1px solid #2a3139",
          "borderRadius": "5px",
          "textAlign": "center",
          "background": "#1f1f1f",
          "color": "#eee",
          "boxShadow": "0 1px 3px rgba(0,0,0,0.45), 0 0 8px 2px rgba(0,255,136,0.08)",
          "width": "80px",
          "fontSize": 14,
          "glowColor": "#00ff88"
        },
        "id": "4f8b6937-dede-4e08-9b9c-290c105e6138.GainFlowNode",
        "gainMidiMapping": null
      },
      "measured": {
        "width": 102,
        "height": 144
      },
      "dragging": false,
      "selected": false
    },
    {
      "id": "227b4e40-c143-4c77-9c01-8f8f82b1afdf.RecordingFlowNode",
      "type": "RecordingFlowNode",
      "position": {
        "x": 393.46386370480076,
        "y": 700.0840788316883
      },
      "data": {
        "label": "Recorder",
        "id": "227b4e40-c143-4c77-9c01-8f8f82b1afdf.RecordingFlowNode",
        "style": {
          "padding": "10px",
          "border": "1px solid #2a3139",
          "borderRadius": "5px",
          "textAlign": "center",
          "background": "#1f1f1f",
          "color": "#eee",
          "boxShadow": "0 1px 3px rgba(0,0,0,0.45), 0 0 8px 2px rgba(0,255,136,0.08)",
          "glowColor": "#00ff88"
        },
        "isRecording": false,
        "holdMode": true
      },
      "measured": {
        "width": 365,
        "height": 115
      },
      "dragging": false,
      "selected": false
    },
    {
      "id": "4fe0b280-baf4-43ab-ab14-cb319fa144bc.ButtonFlowNode",
      "type": "ButtonFlowNode",
      "position": {
        "x": 329.08915755659757,
        "y": 504.14337385139555
      },
      "data": {
        "label": "Button",
        "assignedKey": "A",
        "retriggerFrequency": 1,
        "isRetriggering": false,
        "isPressed": false,
        "retriggerLength": 0.1,
        "id": "4fe0b280-baf4-43ab-ab14-cb319fa144bc.ButtonFlowNode",
        "style": {
          "padding": "10px",
          "border": "1px solid #2a3139",
          "borderRadius": "5px",
          "textAlign": "center",
          "background": "#1f1f1f",
          "color": "#eee",
          "boxShadow": "0 1px 3px rgba(0,0,0,0.45), 0 0 8px 2px rgba(0,255,136,0.08)",
          "glowColor": "#00ff88",
          "width": "140px"
        }
      },
      "measured": {
        "width": 162,
        "height": 109
      },
      "dragging": false,
      "selected": false
    }
  ],
  "edges": [
    {
      "style": {
        "strokeWidth": 1.5,
        "strokeLinecap": "round"
      },
      "source": "c3dca75d-a21a-4f04-a275-4d611b0afb5f.DelayFlowNode",
      "sourceHandle": "output",
      "target": "4f8b6937-dede-4e08-9b9c-290c105e6138.GainFlowNode",
      "targetHandle": "main-input",
      "id": "xy-edge__c3dca75d-a21a-4f04-a275-4d611b0afb5f.DelayFlowNodeoutput-4f8b6937-dede-4e08-9b9c-290c105e6138.GainFlowNodemain-input"
    },
    {
      "style": {
        "strokeWidth": 1.5,
        "strokeLinecap": "round"
      },
      "source": "4f8b6937-dede-4e08-9b9c-290c105e6138.GainFlowNode",
      "sourceHandle": "output",
      "target": "c3dca75d-a21a-4f04-a275-4d611b0afb5f.DelayFlowNode",
      "targetHandle": "main-input",
      "id": "xy-edge__4f8b6937-dede-4e08-9b9c-290c105e6138.GainFlowNodeoutput-c3dca75d-a21a-4f04-a275-4d611b0afb5f.DelayFlowNodemain-input"
    },
    {
      "style": {
        "strokeWidth": 1.5,
        "strokeLinecap": "round"
      },
      "source": "dd66b99d-fc2c-49c8-8def-e8d8a87f62dd.MicFlowNode",
      "sourceHandle": "output",
      "target": "c3dca75d-a21a-4f04-a275-4d611b0afb5f.DelayFlowNode",
      "targetHandle": "main-input",
      "id": "xy-edge__dd66b99d-fc2c-49c8-8def-e8d8a87f62dd.MicFlowNodeoutput-c3dca75d-a21a-4f04-a275-4d611b0afb5f.DelayFlowNodemain-input"
    },
    {
      "style": {
        "strokeWidth": 1.5,
        "strokeLinecap": "round"
      },
      "source": "c3dca75d-a21a-4f04-a275-4d611b0afb5f.DelayFlowNode",
      "sourceHandle": "output",
      "target": "7346fe1b-3d0f-4fd9-b885-ab16413d502d.AudioContextFlowNode",
      "targetHandle": "destination-input",
      "id": "xy-edge__c3dca75d-a21a-4f04-a275-4d611b0afb5f.DelayFlowNodeoutput-7346fe1b-3d0f-4fd9-b885-ab16413d502d.AudioContextFlowNodedestination-input"
    },
    {
      "style": {
        "strokeWidth": 1.5,
        "strokeLinecap": "round"
      },
      "source": "c3dca75d-a21a-4f04-a275-4d611b0afb5f.DelayFlowNode",
      "sourceHandle": "output",
      "target": "227b4e40-c143-4c77-9c01-8f8f82b1afdf.RecordingFlowNode",
      "targetHandle": "main-input",
      "id": "xy-edge__c3dca75d-a21a-4f04-a275-4d611b0afb5f.DelayFlowNodeoutput-227b4e40-c143-4c77-9c01-8f8f82b1afdf.RecordingFlowNodemain-input"
    },
    {
      "style": {
        "strokeWidth": 1.5,
        "strokeLinecap": "round"
      },
      "source": "4fe0b280-baf4-43ab-ab14-cb319fa144bc.ButtonFlowNode",
      "sourceHandle": "output",
      "target": "227b4e40-c143-4c77-9c01-8f8f82b1afdf.RecordingFlowNode",
      "targetHandle": "record",
      "id": "xy-edge__4fe0b280-baf4-43ab-ab14-cb319fa144bc.ButtonFlowNodeoutput-227b4e40-c143-4c77-9c01-8f8f82b1afdf.RecordingFlowNoderecord"
    }
  ],
  "folder_path": "",
  "updated_at": "2025-11-09T20:26:36.582Z"
}