{
  "name": "webrtc",
  "nodes": [
    {
      "id": "318b67ea-fbf4-4224-9769-5781e2fa4460.MasterOutFlowNode",
      "type": "MasterOutFlowNode",
      "position": {
        "x": 1491.605542139343,
        "y": 334.1775310498565
      },
      "data": {
        "label": "",
        "style": {
          "padding": "5px",
          "border": "1px solid #2a3139",
          "borderRadius": "5px",
          "textAlign": "center",
          "background": "#1f1f1f",
          "color": "#eee",
          "boxShadow": "0 1px 3px rgba(0,0,0,0.45), 0 0 8px 2px rgba(0,255,136,0.08)",
          "glowColor": "#00ff88"
        },
        "id": "318b67ea-fbf4-4224-9769-5781e2fa4460.MasterOutFlowNode"
      },
      "measured": {
        "width": 60,
        "height": 63
      },
      "dragging": false,
      "selected": false
    },
    {
      "id": "edc9565f-300e-4d8d-8218-fb0886b31cb8.ConstantFlowNode",
      "type": "ConstantFlowNode",
      "position": {
        "x": 178.25689148294876,
        "y": 224.8893933988464
      },
      "data": {
        "label": "",
        "value": 1,
        "style": {
          "padding": "5px",
          "border": "1px solid #2a3139",
          "borderRadius": "5px",
          "textAlign": "center",
          "background": "#1f1f1f",
          "color": "#eee",
          "boxShadow": "0 1px 3px rgba(0,0,0,0.45), 0 0 8px 2px rgba(0,255,136,0.08)",
          "glowColor": "#00ff88"
        },
        "id": "edc9565f-300e-4d8d-8218-fb0886b31cb8.ConstantFlowNode"
      },
      "zIndex": 1,
      "measured": {
        "width": 172,
        "height": 64
      },
      "dragging": false,
      "selected": false
    },
    {
      "id": "513f07e8-dfb5-47b6-8ca6-b5cba9534b22.MouseTriggerButton",
      "type": "MouseTriggerButton",
      "position": {
        "x": -63.50420125508708,
        "y": 183.0560763458247
      },
      "data": {
        "label": "Mouse Trigger",
        "style": {
          "padding": "5px",
          "border": "1px solid #2a3139",
          "borderRadius": "5px",
          "width": "140px",
          "textAlign": "center",
          "background": "#1f1f1f",
          "color": "#eee",
          "userSelect": "none",
          "boxShadow": "0 1px 3px rgba(0,0,0,0.45), 0 0 8px 2px rgba(0,255,136,0.08)",
          "glowColor": "#00ff88"
        },
        "db": {
          "db": {},
          "dbName": "FlowSynthDB",
          "storeName": "flows",
          "uuid": "88e926a2-5d2e-4d6e-9077-1cce532bae27"
        },
        "id": "513f07e8-dfb5-47b6-8ca6-b5cba9534b22.MouseTriggerButton"
      },
      "zIndex": 2,
      "measured": {
        "width": 152,
        "height": 79
      },
      "dragging": false,
      "selected": false
    },
    {
      "id": "fe3d5b7f-26fb-4fcf-984d-2763ff00f006.ButtonFlowNode",
      "type": "ButtonFlowNode",
      "position": {
        "x": 531.1964959323224,
        "y": 175.26771045186055
      },
      "data": {
        "label": "Button",
        "assignedKey": "A",
        "retriggerFrequency": 1,
        "isRetriggering": false,
        "isPressed": false,
        "retriggerLength": 0.1,
        "id": "fe3d5b7f-26fb-4fcf-984d-2763ff00f006.ButtonFlowNode",
        "style": {
          "padding": "5px",
          "border": "1px solid #2a3139",
          "borderRadius": "5px",
          "textAlign": "center",
          "background": "#333",
          "color": "#eee",
          "boxShadow": "0 1px 3px rgba(0,0,0,0.45), 0 0 8px 2px rgba(0,255,136,0.08)",
          "glowColor": "#00ff88",
          "width": "140px"
        }
      },
      "zIndex": 6,
      "measured": {
        "width": 152,
        "height": 99
      },
      "dragging": false,
      "selected": false
    },
    {
      "id": "ba1e2d3f-d072-41e3-9e52-8491d706046e.FlowNode",
      "type": "FlowNode",
      "position": {
        "x": 947.4618937143921,
        "y": 245.57031096616566
      },
      "data": {
        "label": "Flow",
        "style": {
          "padding": "5px",
          "border": "1px solid #2a3139",
          "borderRadius": "5px",
          "textAlign": "center",
          "background": "#1f1f1f",
          "color": "#eee",
          "boxShadow": "0 1px 3px rgba(0,0,0,0.45), 0 0 8px 2px rgba(0,255,136,0.08)",
          "glowColor": "#00ff88"
        },
        "db": {
          "db": {},
          "dbName": "FlowSynthDB",
          "storeName": "flows",
          "uuid": "af787a65-4c84-4b94-becd-27834288c639"
        },
        "id": "ba1e2d3f-d072-41e3-9e52-8491d706046e.FlowNode",
        "selectedNode": "kick",
        "outputArr": [
          0
        ],
        "inputArr": [
          0
        ]
      },
      "zIndex": 8,
      "measured": {
        "width": 142,
        "height": 86
      },
      "dragging": false,
      "selected": false
    }
  ],
  "edges": [
    {
      "style": {
        "strokeWidth": 1.5,
        "strokeLinecap": "round"
      },
      "source": "513f07e8-dfb5-47b6-8ca6-b5cba9534b22.MouseTriggerButton",
      "sourceHandle": "output",
      "target": "edc9565f-300e-4d8d-8218-fb0886b31cb8.ConstantFlowNode",
      "targetHandle": "main-input",
      "id": "xy-edge__513f07e8-dfb5-47b6-8ca6-b5cba9534b22.MouseTriggerButtonoutput-edc9565f-300e-4d8d-8218-fb0886b31cb8.ConstantFlowNodemain-input"
    },
    {
      "style": {
        "strokeWidth": 1.5,
        "strokeLinecap": "round"
      },
      "source": "fe3d5b7f-26fb-4fcf-984d-2763ff00f006.ButtonFlowNode",
      "sourceHandle": "output",
      "target": "ba1e2d3f-d072-41e3-9e52-8491d706046e.FlowNode",
      "targetHandle": "input-0",
      "id": "xy-edge__fe3d5b7f-26fb-4fcf-984d-2763ff00f006.ButtonFlowNodeoutput-ba1e2d3f-d072-41e3-9e52-8491d706046e.FlowNodeinput-0"
    },
    {
      "style": {
        "strokeWidth": 1.5,
        "strokeLinecap": "round"
      },
      "source": "ba1e2d3f-d072-41e3-9e52-8491d706046e.FlowNode",
      "sourceHandle": "output-0",
      "target": "318b67ea-fbf4-4224-9769-5781e2fa4460.MasterOutFlowNode",
      "targetHandle": "destination-input",
      "id": "xy-edge__ba1e2d3f-d072-41e3-9e52-8491d706046e.FlowNodeoutput-0-318b67ea-fbf4-4224-9769-5781e2fa4460.MasterOutFlowNodedestination-input"
    }
  ],
  "folder_path": "",
  "updated_at": "2025-11-29T18:59:03.059Z"
}